split,case,geology_type,l2_model_rmse,l2_correlation,l2_data_rmse,unconditional_model_rmse,unconditional_correlation,unconditional_data_rmse,unconditional_uncertainty_error_spearman,unconditional_coverage_68,unconditional_coverage_95,oracle_model_rmse,oracle_correlation,oracle_data_rmse,oracle_uncertainty_error_spearman,oracle_coverage_68,oracle_coverage_95,mixture_model_rmse,mixture_correlation,mixture_data_rmse,mixture_uncertainty_error_spearman,mixture_coverage_68,mixture_coverage_95,l2_runtime_seconds,unconditional_runtime_seconds,oracle_runtime_seconds,mixture_runtime_seconds,unconditional_wins_l2,oracle_wins_l2,mixture_wins_l2,oracle_improves_unconditional,mixture_improves_unconditional,oracle_gain_vs_unconditional,mixture_gain_vs_unconditional,mixture_gain_vs_oracle,unconditional_gain_vs_l2,oracle_gain_vs_l2,mixture_gain_vs_l2,best_method
OOD,0,blobs,0.17383162677288055,0.3219348329278232,0.017904929773441377,0.1345597356557846,0.7080495108843436,0.023283365645610836,0.749883831704562,0.165771484375,0.8134765625,0.11453115940093994,0.7954681522270308,0.023904237751873104,0.8589977594533675,0.151123046875,0.271240234375,0.1507101058959961,0.708095343209759,0.023527037270060426,0.545743324570345,0.570556640625,0.98046875,2.1461901664733887,36.037853479385376,36.15345883369446,36.01787495613098,True,True,True,True,False,0.020028576254844666,-0.016150370240211487,-0.03617894649505615,0.03927189111709595,0.05930046737194061,0.02312152087688446,Oracle conditional
OOD,1,horizontal_layers,0.45686012506484985,0.0532798015790377,0.044979597958171726,0.47809717059135437,0.15293495841276364,0.1075264580813877,-0.0826812588625832,0.19140625,0.33349609375,0.4542917013168335,0.09267292103174748,0.1011531747620591,-0.4089217482275889,0.229736328125,0.26708984375,0.453072190284729,0.1358313551705909,0.10430794563904111,-0.07184588109202347,0.215576171875,0.403076171875,2.7015738487243652,36.2332489490509,36.02911901473999,36.094067096710205,False,True,True,True,True,0.023805469274520874,0.025024980306625366,0.0012195110321044922,-0.021237045526504517,0.0025684237480163574,0.0037879347801208496,Equal mixture
OOD,2,blobs,0.0869760811328888,0.3447890430116008,0.018646376078997877,0.12235043942928314,-0.019391548790699736,0.019775221870549625,0.75916809340637,0.90234375,0.9638671875,0.11308188736438751,-0.04738732959006456,0.024402335180622986,0.8488303388703072,0.6943359375,0.8671875,0.10095818340778351,0.06115779703141282,0.019604246868572248,0.7487643825434339,0.919189453125,0.97265625,2.103590488433838,36.13624954223633,36.119009494781494,36.054636001586914,False,False,False,True,True,0.00926855206489563,0.021392256021499634,0.012123703956604004,-0.03537435829639435,-0.026105806231498718,-0.013982102274894714,SimPEG L2
OOD,3,faulted_layers,1.0285215377807617,-0.2537303893651106,0.38308574151228086,0.8479112386703491,0.053487318124612174,0.30645442030785003,-0.0304408572973392,0.226318359375,0.288818359375,0.8373240232467651,0.0607067210816359,0.3231365262839819,0.03839192003024044,0.318359375,0.49267578125,0.7415253520011902,0.4108827566420622,0.3140993966391872,0.33622884078386983,0.294677734375,0.487060546875,2.129622459411621,36.12252616882324,36.088050365448,36.1257107257843,True,True,True,True,True,0.010587215423583984,0.10638588666915894,0.09579867124557495,0.1806102991104126,0.19119751453399658,0.28699618577957153,Equal mixture
OOD,4,blobs,0.2234346568584442,0.4764198844938451,0.011997186124105403,0.16448180377483368,0.7661991363033858,0.034011302562593174,0.4889531994522594,0.450927734375,0.7421875,0.17491371929645538,0.6989831330892304,0.034379353345567576,0.3520006331215059,0.366455078125,0.501953125,0.18772487342357635,0.6902840434420634,0.03132691152251612,0.4422008962029194,0.533935546875,0.77490234375,2.7993106842041016,36.09018802642822,36.03554940223694,36.111156702041626,True,True,True,False,False,-0.010431915521621704,-0.023243069648742676,-0.012811154127120972,0.058952853083610535,0.04852093756198883,0.03570978343486786,Unconditional
OOD,5,dykes,0.2543911039829254,0.048492214399627254,0.10241179264331143,0.33850806951522827,-0.1555585805123599,0.10510212606061363,0.5962722265993924,0.132080078125,0.73193359375,0.31707045435905457,-0.04059088781716758,0.10922392026668055,0.6768237422841783,0.022705078125,0.049560546875,0.2964300215244293,-0.13221004174276765,0.10235940245704028,0.4179976928879995,0.44287109375,0.813720703125,2.1418075561523438,36.04593348503113,36.04700064659119,36.11448287963867,False,False,False,True,True,0.021437615156173706,0.04207804799079895,0.020640432834625244,-0.08411696553230286,-0.06267935037612915,-0.042038917541503906,SimPEG L2
OOD,6,dipping_layers,0.4780190587043762,0.23636027102716886,0.202328979345461,0.4192218780517578,0.468289424444783,0.3049788623187422,0.697907876031504,0.70458984375,0.966064453125,0.3740745782852173,0.6272108229832339,0.31171960667744836,0.35325339333278566,0.80029296875,0.955810546875,0.4259624481201172,0.43228863978816084,0.2999069338441113,0.3076189103438797,0.6279296875,0.9443359375,2.7506020069122314,36.13890767097473,36.029176235198975,36.071534156799316,True,True,True,True,False,0.04514729976654053,-0.006740570068359375,-0.0518878698348999,0.05879718065261841,0.10394448041915894,0.05205661058425903,Oracle conditional
OOD,7,blobs,0.28757360577583313,0.4933449654523354,0.13215104180551562,0.25314590334892273,0.6538973191009628,0.12789372117803816,0.4663633062973268,0.53955078125,0.8759765625,0.20293249189853668,0.7927272830728607,0.13865369068489256,0.31165452277208583,0.12939453125,0.357421875,0.2265523374080658,0.7514264664042397,0.12613167502766245,0.15403120776917534,0.75048828125,0.908203125,2.160402536392212,36.12564206123352,36.00473690032959,36.15870928764343,True,True,True,True,True,0.05021341145038605,0.026593565940856934,-0.023619845509529114,0.0344277024269104,0.08464111387729645,0.061021268367767334,Oracle conditional
OOD,8,faulted_layers,0.4472714960575104,0.19947809365322858,0.0661067389665997,0.5016818642616272,-0.058037416614245926,0.08165072335286916,0.41799281423824874,0.157958984375,0.674560546875,0.5339136719703674,-0.0885214549259539,0.10578433052685438,0.5301759803896479,0.45556640625,0.617919921875,0.4764953851699829,0.08413601923711515,0.09442037667963923,0.4691039361852705,0.29736328125,0.674560546875,2.7732038497924805,36.12641167640686,36.07120895385742,36.0996356010437,False,False,False,False,True,-0.032231807708740234,0.025186479091644287,0.05741828680038452,-0.05441036820411682,-0.08664217591285706,-0.029223889112472534,SimPEG L2
OOD,9,dykes,0.20886175334453583,0.5263180734081637,0.17782404198664659,0.21082618832588196,0.5031253166479358,0.27441772277424037,0.8919622471654638,0.6982421875,0.975830078125,0.18919478356838226,0.6343962566770243,0.30400402289107764,0.8674055875292586,0.419921875,0.66455078125,0.21564114093780518,0.469481598739005,0.2826046351948371,0.3254138058815069,0.9033203125,0.97021484375,2.734041213989258,36.163439989089966,36.05387735366821,36.15224599838257,False,True,False,True,False,0.021631404757499695,-0.004814952611923218,-0.026446357369422913,-0.0019644349813461304,0.019666969776153564,-0.006779387593269348,Oracle conditional
OOD,10,dykes,0.18277695775032043,0.48692174519907916,0.12352454475686515,0.1643894910812378,0.6165381418435472,0.1987679061183145,0.5469649333182728,0.89892578125,0.973388671875,0.1754113733768463,0.531602877385533,0.19488734453873233,0.8960963389604965,0.204345703125,0.9189453125,0.18694207072257996,0.4389432246109529,0.19262658625315635,0.7218145874292903,0.62646484375,0.962890625,2.724888563156128,36.14633274078369,36.07289958000183,36.136807918548584,True,True,False,False,False,-0.01102188229560852,-0.022552579641342163,-0.011530697345733643,0.01838746666908264,0.007365584373474121,-0.0041651129722595215,Unconditional
OOD,11,blobs,0.23714739084243774,0.3562783954119456,0.06148316155739657,0.3131001889705658,0.09833839604671964,0.10125921194559945,0.4407498298770741,0.296875,0.978515625,0.3407176434993744,0.03920758456414644,0.12084997971552267,0.3423221982546775,0.23681640625,0.3759765625,0.25347137451171875,0.22113161635119133,0.10149145121799995,0.29263778338677765,0.540283203125,0.857177734375,2.727534532546997,36.06982159614563,36.054166316986084,36.08536100387573,False,False,False,False,True,-0.027617454528808594,0.059628814458847046,0.08724626898765564,-0.07595279812812805,-0.10357025265693665,-0.016323983669281006,SimPEG L2
OOD,12,faulted_layers,0.5085902214050293,-0.08731588746061825,0.1934941351331371,0.4579353630542755,0.34485742846236817,0.18399787112600008,0.4556338775186503,0.48974609375,0.915771484375,0.4910077154636383,0.10238190931149913,0.1988642540211946,0.19591200546173854,0.478759765625,0.6533203125,0.4346379339694977,0.416486394006046,0.18958130846941193,0.4345736293081035,0.3681640625,0.74755859375,2.086329221725464,36.09604024887085,36.01938056945801,36.130019187927246,True,True,True,False,True,-0.03307235240936279,0.023297429084777832,0.056369781494140625,0.050654858350753784,0.01758250594139099,0.07395228743553162,Equal mixture
OOD,13,faulted_layers,0.676876962184906,0.016965524617997038,0.06562419366112457,0.7932406067848206,-0.33308324591439237,0.12623812049865238,0.16692444285905395,0.056396484375,0.234375,0.6571698188781738,0.32086725681516076,0.1061545905063588,0.060959663854104895,0.093994140625,0.22021484375,0.6901286840438843,-0.0791168360449447,0.13242066720449827,0.26061526700251375,0.06591796875,0.248046875,2.6876440048217773,36.14011573791504,36.041871547698975,36.173959493637085,False,True,False,True,True,0.13607078790664673,0.10311192274093628,-0.03295886516571045,-0.11636364459991455,0.019707143306732178,-0.013251721858978271,Oracle conditional
OOD,14,dipping_layers,0.5614191293716431,-0.08218716410716334,0.0479119771744822,0.6352774500846863,-0.10601290699706864,0.09770397327182094,0.1778485408295566,0.111572265625,0.263671875,0.5324398875236511,0.10793980710773793,0.10690843626462869,0.14048878874547585,0.13134765625,0.63037109375,0.5587319731712341,-0.06474423440625615,0.12459492860880007,0.4172850918323324,0.126220703125,0.63671875,2.745432138442993,36.15300464630127,36.06611108779907,36.075504302978516,False,True,True,True,True,0.10283756256103516,0.07654547691345215,-0.026292085647583008,-0.07385832071304321,0.028979241847991943,0.0026871562004089355,Oracle conditional
OOD,15,intrusions,0.1929033100605011,0.22964908929696495,0.011374373444725012,0.1656893789768219,0.6501976996440395,0.03229848896074616,0.7449517221611537,0.649169921875,0.89892578125,0.16095632314682007,0.5581002213482018,0.015866350877825463,0.916428218391052,0.929443359375,0.953125,0.17982818186283112,0.37933293447639943,0.01241874497856525,0.7090101483060509,0.76513671875,0.94921875,2.1848888397216797,36.04164266586304,36.037039041519165,35.88477873802185,True,True,True,True,False,0.004733055830001831,-0.014138802886009216,-0.018871858716011047,0.0272139310836792,0.03194698691368103,0.013075128197669983,Oracle conditional
OOD,16,horizontal_layers,0.7512632608413696,-0.36114538417618447,0.30257127538268774,0.2840113341808319,0.8175706282337237,0.28044642132487846,0.6092473520935595,0.12646484375,0.37841796875,0.25590839982032776,0.8468342999495432,0.37825250225738427,0.6064299001450609,0.1298828125,0.51904296875,0.2813224196434021,0.8439481680185464,0.3351653734472612,0.5588488489073296,0.245849609375,0.71728515625,2.0618960857391357,35.9471549987793,35.79853916168213,35.86888241767883,True,True,True,True,True,0.02810293436050415,0.0026889145374298096,-0.02541401982307434,0.4672519266605377,0.49535486102104187,0.46994084119796753,Oracle conditional
OOD,17,intrusions,0.19586080312728882,0.23367376899009895,0.012417064628051916,0.18330901861190796,0.36862613483231155,0.016653441777054166,0.6225900170315807,0.0439453125,0.6923828125,0.17102348804473877,0.5831995145209184,0.018025853688420825,0.806516271251758,0.038818359375,0.273193359375,0.18085815012454987,0.48827273542872796,0.01542216273944556,0.6739936024631286,0.74755859375,0.9375,1.6762855052947998,35.931400299072266,35.784985065460205,35.906494140625,True,True,True,True,True,0.01228553056716919,0.0024508684873580933,-0.009834662079811096,0.01255178451538086,0.02483731508255005,0.015002653002738953,Oracle conditional
OOD,18,horizontal_layers,0.47746145725250244,0.2877674191033834,0.17623756992686856,0.4941404461860657,0.1967948508556516,0.16434601701039814,0.5952974645757088,0.489501953125,0.662353515625,0.558208167552948,0.12412084413209237,0.1671068877752994,-0.18437115979454388,0.3720703125,0.418701171875,0.579167366027832,-0.3248753248869164,0.17604126976504136,0.167051778120281,0.063232421875,0.4384765625,1.6096229553222656,35.89400315284729,35.96695899963379,35.76496434211731,False,False,False,False,False,-0.06406772136688232,-0.08502691984176636,-0.020959198474884033,-0.016678988933563232,-0.08074671030044556,-0.10170590877532959,SimPEG L2
OOD,19,faulted_layers,0.3917897641658783,0.07446326091411423,0.10199491768497314,0.42908361554145813,-0.12225388676830312,0.09318534469739535,0.3551574242852844,0.21337890625,0.788818359375,0.4613664448261261,0.042831171154053625,0.09771680923157136,0.16369105883438495,0.484130859375,0.583984375,0.4169533848762512,-0.05130635876128507,0.09793192634992179,0.30586011698645044,0.25048828125,0.58984375,1.6085546016693115,35.91736578941345,35.83865284919739,35.883580446243286,False,False,False,False,True,-0.03228282928466797,0.01213023066520691,0.04441305994987488,-0.037293851375579834,-0.0695766806602478,-0.025163620710372925,SimPEG L2
OOD,20,blobs,0.21181067824363708,0.6521865331412314,0.20885013027707164,0.16266801953315735,0.7850231810503545,0.1949193760096149,0.3428737277931655,0.8623046875,0.973388671875,0.17480909824371338,0.8421499036145654,0.23335331766208403,0.3560623427587539,0.20556640625,0.56103515625,0.17342853546142578,0.7688432861201252,0.209059984505352,0.5420271666919777,0.773681640625,0.99365234375,1.573169469833374,35.941078424453735,35.793763160705566,35.88438415527344,True,True,True,False,False,-0.01214107871055603,-0.010760515928268433,0.0013805627822875977,0.049142658710479736,0.037001579999923706,0.038382142782211304,Unconditional
OOD,21,blobs,0.2751723527908325,0.4245961191246631,0.02275618219712347,0.1988709568977356,0.7648093095553424,0.04506867956915556,0.6715019623586929,0.59228515625,0.911376953125,0.23533974587917328,0.6527209125760821,0.04660636574150983,0.2236005437424731,0.1669921875,0.462646484375,0.2716614007949829,0.45041058012832674,0.0457567533764777,0.7271469636342913,0.42626953125,0.820556640625,2.114712715148926,35.99378967285156,35.78260040283203,35.933239221572876,True,True,True,False,False,-0.03646878898143768,-0.07279044389724731,-0.03632165491580963,0.07630139589309692,0.03983260691165924,0.0035109519958496094,Unconditional
OOD,22,horizontal_layers,0.5947347283363342,0.02119542545932222,0.03455401517735745,0.6434509754180908,-0.012598526701603127,0.07616700169955395,0.2656544643238543,0.140869140625,0.228515625,0.6047132015228271,-0.15197198284281374,0.06603560880354263,0.32467087823530844,0.03759765625,0.0712890625,0.6074742674827576,-0.027327583066734194,0.1000410792902859,0.1813627329452115,0.052001953125,0.186279296875,2.085564136505127,35.81871271133423,35.95088005065918,35.8454167842865,False,False,False,True,True,0.03873777389526367,0.03597670793533325,-0.00276106595993042,-0.04871624708175659,-0.00997847318649292,-0.01273953914642334,SimPEG L2
OOD,23,horizontal_layers,0.529861569404602,0.12675451585830885,0.14060461725045267,0.5671666264533997,0.05162396946763516,0.12647480700077324,0.3230917235979534,0.368408203125,0.780517578125,0.5970964431762695,-0.2380942161400328,0.14590070141142614,0.05803599499724299,0.28515625,0.41357421875,0.5527717471122742,0.07398273950619753,0.14789902372213662,0.2777530271052042,0.223388671875,0.531005859375,1.593038558959961,35.86470079421997,35.87033033370972,35.81063628196716,False,False,False,False,True,-0.029929816722869873,0.014394879341125488,0.04432469606399536,-0.03730505704879761,-0.06723487377166748,-0.02291017770767212,SimPEG L2
OOD,24,intrusions,0.30307427048683167,0.462025065627891,0.09385849668469683,0.1639515459537506,0.88023097132206,0.10988440267017895,0.886662522308029,0.66455078125,0.9736328125,0.14100885391235352,0.9056942932473617,0.11426254726833542,0.1282332206044516,0.760498046875,0.8642578125,0.2291976511478424,0.8473818921545687,0.10740414091095181,0.36883605302086636,0.80517578125,0.972412109375,1.5633034706115723,35.87250995635986,35.789522886276245,35.803828954696655,True,True,True,True,False,0.022942692041397095,-0.0652461051940918,-0.08818879723548889,0.13912272453308105,0.16206541657447815,0.07387661933898926,Oracle conditional
OOD,25,dipping_layers,0.6746065616607666,-0.1736811773715785,0.4914085218893809,0.46052172780036926,0.5248606260811932,0.40784231899374,0.6407261372406882,0.529541015625,0.639404296875,0.49955689907073975,0.3431270469995321,0.4542370269578399,0.4116492062029275,0.15625,0.699951171875,0.4375007450580597,0.5843420101112191,0.4562376857249635,0.46085185737537115,0.320068359375,0.628173828125,1.5410685539245605,35.82773685455322,35.88327741622925,35.74025917053223,True,True,True,False,True,-0.03903517127037048,0.02302098274230957,0.062056154012680054,0.21408483386039734,0.17504966259002686,0.2371058166027069,Equal mixture
OOD,26,dipping_layers,0.7007470726966858,-0.2702804388953296,0.11606053323155084,0.6400930285453796,0.08811335110820885,0.17106863753252619,0.02795101839710509,0.420654296875,0.88134765625,0.5916431546211243,0.3372705163971045,0.20271803194749846,0.2267935668395834,0.310302734375,0.706298828125,0.5607452392578125,0.41285291358695825,0.21240371790137813,0.29336136930750706,0.39599609375,0.8037109375,2.024284601211548,35.9197723865509,35.77543830871582,35.8584930896759,True,True,True,True,True,0.04844987392425537,0.07934778928756714,0.030897915363311768,0.06065404415130615,0.10910391807556152,0.1400018334388733,Equal mixture
OOD,27,faulted_layers,0.5201422572135925,0.16212039815450838,0.2358981228756355,0.40148383378982544,0.6635673645225321,0.37980099383401544,0.8498769859964634,0.05810546875,0.387451171875,0.46603283286094666,0.4431575893310065,0.3855683527746262,0.8601946288160572,0.12890625,0.61376953125,0.5381765961647034,0.21217109775677898,0.37327383333690906,0.6639287467615785,0.060791015625,0.560546875,2.054428815841675,35.898197650909424,35.84529399871826,35.80770301818848,True,True,False,False,False,-0.06454899907112122,-0.13669276237487793,-0.07214376330375671,0.11865842342376709,0.054109424352645874,-0.01803433895111084,Unconditional
OOD,28,intrusions,0.11880112439393997,0.15556624118776788,0.005516600210276489,0.1113109365105629,0.3495289687368358,0.025921554809725387,0.8349842346520079,0.9423828125,0.975341796875,0.1198616698384285,0.13091613605039987,0.01667178939486645,0.8034631520129197,0.214599609375,0.911865234375,0.12105223536491394,0.07259007551072562,0.01099078794926145,0.5200923693817217,0.967529296875,0.974853515625,1.6055383682250977,35.87104105949402,35.80519247055054,35.926032304763794,True,False,False,False,False,-0.0085507333278656,-0.009741298854351044,-0.0011905655264854431,0.007490187883377075,-0.0010605454444885254,-0.0022511109709739685,Unconditional
OOD,29,horizontal_layers,0.3466799259185791,0.09794383130985497,0.1739450289210656,0.2563803493976593,0.6742306540470001,0.16666349864221433,0.4545912695388096,0.685302734375,0.949951171875,0.3744071125984192,0.08348416500412183,0.1644271956288911,0.39218947461798026,0.404296875,0.534912109375,0.36671122908592224,0.008402008521160456,0.1815506732462127,0.6889586728353566,0.198974609375,0.703125,1.6500914096832275,35.904897928237915,35.97093415260315,35.81111693382263,True,False,False,False,False,-0.11802676320075989,-0.11033087968826294,0.007695883512496948,0.0902995765209198,-0.027727186679840088,-0.02003130316734314,Unconditional
OOD,30,dipping_layers,0.5905322432518005,0.042180400791957604,0.08082823041066765,0.606200098991394,0.007957940627080738,0.15975420069795973,0.16717195480651342,0.107177734375,0.386962890625,0.5816107392311096,0.14340724211224895,0.1447845989619009,0.43171134329589644,0.108642578125,0.214111328125,0.5968466401100159,0.007721686882694926,0.15429951262102337,0.5316750105374499,0.102783203125,0.477294921875,2.141062021255493,35.962279081344604,35.834237813949585,35.913811922073364,False,True,False,True,True,0.024589359760284424,0.009353458881378174,-0.01523590087890625,-0.015667855739593506,0.008921504020690918,-0.006314396858215332,Oracle conditional
OOD,31,faulted_layers,0.8084943890571594,-0.048414326450872874,0.1419067968014451,0.7849923372268677,-0.10000447986118641,0.16576709147060045,0.14990425999504786,0.173583984375,0.457275390625,0.693011462688446,0.3901703679485222,0.1673833596711255,0.160935377988413,0.50048828125,0.853271484375,0.7451329231262207,0.18108492940636706,0.18160787567884443,0.403221224376662,0.32763671875,0.74072265625,2.085127115249634,35.913352966308594,35.86474585533142,35.864182233810425,True,True,True,True,True,0.09198087453842163,0.03985941410064697,-0.05212146043777466,0.023502051830291748,0.11548292636871338,0.06336146593093872,Oracle conditional
OOD,32,intrusions,0.3462410867214203,0.356536321028979,0.04668882310200864,0.18888434767723083,0.9049477414811393,0.051745541233177726,0.8443821691120591,0.051025390625,0.47119140625,0.19106315076351166,0.8641861906460845,0.05216468409516335,0.932707058742562,0.189453125,0.855712890625,0.282436728477478,0.7634650563735675,0.052061971137880185,0.7311842057232645,0.249267578125,0.87841796875,1.7100780010223389,35.95507049560547,35.82022261619568,35.81826210021973,True,True,True,False,False,-0.0021788030862808228,-0.09355238080024719,-0.09137357771396637,0.15735673904418945,0.15517793595790863,0.06380435824394226,Unconditional
OOD,33,blobs,0.22171543538570404,0.5365834512392116,0.051067263937743065,0.228739395737648,0.5770879856530692,0.09370966016387265,0.4751186397095737,0.5146484375,0.799072265625,0.21142593026161194,0.6554826433119189,0.10119987483014396,0.3900694806030456,0.17626953125,0.47607421875,0.2205200493335724,0.5547675442088165,0.09000043588426,0.1843261048634264,0.6328125,0.852294921875,2.097198486328125,35.92627954483032,35.80670499801636,35.92796754837036,False,True,True,True,True,0.017313465476036072,0.008219346404075623,-0.00909411907196045,-0.00702396035194397,0.010289505124092102,0.0011953860521316528,Oracle conditional
OOD,34,intrusions,0.1780298501253128,0.23970449059749813,0.021650713421965437,0.1621992588043213,0.5234629378542074,0.028125138147642722,0.9153006970673372,0.732177734375,0.909423828125,0.1806059628725052,0.30026941757418746,0.032173733946082056,0.8895794855060384,0.885009765625,0.94384765625,0.16373109817504883,0.43181794421018443,0.024470782478729955,0.7427083204760788,0.9111328125,0.954833984375,1.645374059677124,35.89738488197327,35.91869330406189,35.89069581031799,True,False,True,False,False,-0.0184067040681839,-0.001531839370727539,0.01687486469745636,0.015830591320991516,-0.002576112747192383,0.014298751950263977,Unconditional
OOD,35,intrusions,0.23999056220054626,0.2728124789635579,0.023230713628925457,0.19059261679649353,0.610890767840922,0.025851448193141117,0.8967029663165937,0.68603515625,0.849853515625,0.1762372851371765,0.684740772247513,0.026637746650913112,0.8892770393646606,0.900146484375,0.93896484375,0.213487446308136,0.5456593038619119,0.02710582383036873,0.5943701866828399,0.857666015625,0.935302734375,1.7656090259552002,35.998401165008545,35.957517862319946,35.95913338661194,True,True,True,True,False,0.014355331659317017,-0.022894829511642456,-0.03725016117095947,0.049397945404052734,0.06375327706336975,0.02650311589241028,Oracle conditional
OOD,36,horizontal_layers,0.5282230973243713,-0.0704971569133775,0.23311893172637577,0.5228886604309082,0.047889802595802895,0.2035308520335076,0.3721765666785613,0.38818359375,0.832275390625,0.5728262662887573,0.09102407570415337,0.20831577507704818,-0.10265768713425291,0.5341796875,0.724365234375,0.4897926151752472,0.25234771427389974,0.22035875873212882,0.27482738039313576,0.186279296875,0.7451171875,1.9215154647827148,36.09087514877319,35.924736976623535,36.02821397781372,True,False,True,False,True,-0.04993760585784912,0.03309604525566101,0.08303365111351013,0.005334436893463135,-0.044603168964385986,0.038430482149124146,Equal mixture
OOD,37,horizontal_layers,0.9670560359954834,-0.5064537880889604,0.38021419202045104,0.5758827924728394,0.7206425033019696,0.286089144040707,0.06314007071794403,0.37060546875,0.498779296875,0.6054130792617798,0.5277019877100122,0.30038240396160887,0.672155697730337,0.087158203125,0.682861328125,0.5724705457687378,0.722856355606624,0.3016626678977325,0.024346452668004642,0.27392578125,0.4873046875,1.8046813011169434,35.88735604286194,35.98784136772156,35.987011671066284,True,True,True,False,True,-0.02953028678894043,0.0034122467041015625,0.03294253349304199,0.39117324352264404,0.3616429567337036,0.3945854902267456,Equal mixture
OOD,38,dykes,0.10177378356456757,0.30271512692393676,0.07497547795342503,0.16749051213264465,-0.021825725769868173,0.11123146167749563,0.7551146360485225,0.3662109375,0.648681640625,0.10375227779150009,0.25221211302176566,0.11113141804757556,0.8188859024398939,0.407470703125,0.881591796875,0.12319248914718628,0.09657110431918098,0.10775891364916916,0.7240590063144609,0.830078125,0.957275390625,2.6018142700195312,36.148056745529175,36.004637241363525,36.06924915313721,False,False,False,True,True,0.06373823434114456,0.044298022985458374,-0.019440211355686188,-0.06571672856807709,-0.0019784942269325256,-0.021418705582618713,SimPEG L2
OOD,39,intrusions,0.2938666343688965,0.38140237915566655,0.0455909053195794,0.21404726803302765,0.7007493239928224,0.050634030285727626,0.855392462315703,0.796142578125,0.927001953125,0.11303450912237167,0.9304323160162589,0.05166296362411869,0.7876236187600638,0.986572265625,1.0,0.22132918238639832,0.7959695079042293,0.049570239364367885,0.6761574960188752,0.610107421875,0.979736328125,1.9838268756866455,36.03355932235718,36.115769386291504,36.0348334312439,True,True,True,True,False,0.10101275891065598,-0.0072819143533706665,-0.10829467326402664,0.07981936633586884,0.1808321252465248,0.07253745198249817,Oracle conditional
OOD,40,dipping_layers,0.5395246744155884,0.043662687048584656,0.20630122416421962,0.344005823135376,0.8190274566313708,0.1781462253790015,0.7531851347455276,0.1630859375,0.902099609375,0.4748777151107788,0.6401031898201897,0.189568874331652,0.6120570412141652,0.116943359375,0.4892578125,0.5522069931030273,0.15076008890877357,0.18771501391323517,0.6372867780190209,0.30126953125,0.6884765625,2.0437512397766113,36.11142945289612,35.981321811676025,36.092100858688354,True,True,False,False,False,-0.13087189197540283,-0.20820116996765137,-0.07732927799224854,0.1955188512802124,0.06464695930480957,-0.012682318687438965,Unconditional
OOD,41,dipping_layers,0.5943595767021179,0.04911395494224324,0.16612559508122615,0.5757336020469666,0.10305590507162153,0.18911278638942408,0.16242154294400687,0.319091796875,0.605712890625,0.5038437247276306,0.4338362594591241,0.19604613141519064,0.46296594002467883,0.564453125,0.812255859375,0.5486084222793579,0.22432608547159819,0.18561853255412758,0.25594389586886773,0.33642578125,0.84765625,2.5672295093536377,35.951337814331055,35.89064860343933,35.94152522087097,True,True,True,True,True,0.07188987731933594,0.027125179767608643,-0.044764697551727295,0.018625974655151367,0.0905158519744873,0.04575115442276001,Oracle conditional
OOD,42,intrusions,0.2924521863460541,0.3503379617553062,0.04725481091170593,0.21271853148937225,0.7403564670957704,0.052187795679564955,0.8339494484805174,0.40234375,0.939208984375,0.14642950892448425,0.888788785247673,0.05171471639093418,0.9283050429416101,0.76171875,0.954345703125,0.23108512163162231,0.7237165374603596,0.05262388107998287,0.7847080040740273,0.68603515625,0.937255859375,1.7659039497375488,35.8546929359436,36.01211333274841,35.99143981933594,True,True,True,True,False,0.066289022564888,-0.01836659014225006,-0.08465561270713806,0.07973365485668182,0.14602267742156982,0.06136706471443176,Oracle conditional
OOD,43,dipping_layers,0.6566206216812134,0.16470652562667842,0.2957335423916249,0.6292376518249512,0.2945776461111578,0.2534774859579906,0.35935547180051153,0.3681640625,0.553955078125,0.5869033932685852,0.4285768836031002,0.22915123226154316,0.368619022921124,0.497314453125,0.677734375,0.5859143137931824,0.4419385086252324,0.21311245342534468,0.5735311891025681,0.37548828125,0.64404296875,2.3439085483551025,36.064157009124756,36.04803705215454,36.072312355041504,True,True,True,True,True,0.04233425855636597,0.0433233380317688,0.000989079475402832,0.027382969856262207,0.06971722841262817,0.070706307888031,Equal mixture
OOD,44,horizontal_layers,0.5285752415657043,-0.010229348620899557,0.10162214115999658,0.5125900506973267,0.30424927284366665,0.11396875947671212,0.6957382001540228,0.220947265625,0.503662109375,0.5940240621566772,-0.6392161042359341,0.10814025315260473,0.4986941186165657,0.095458984375,0.326416015625,0.5060358047485352,0.31648865898665896,0.11342978306153054,0.5803064835298031,0.097412109375,0.316650390625,1.9666473865509033,36.13547229766846,35.93063473701477,36.095897912979126,True,False,True,False,True,-0.08143401145935059,0.006554245948791504,0.08798825740814209,0.015985190868377686,-0.0654488205909729,0.02253943681716919,Equal mixture
OOD,45,dipping_layers,0.6013827919960022,0.03481047742247511,0.0756650011029061,0.6756757497787476,-0.25833236229357565,0.13224047897193553,0.16005490661344893,0.213134765625,0.474853515625,0.6033810377120972,0.006599545969475698,0.13530143006927403,-0.23159513627459555,0.102783203125,0.445068359375,0.6289593577384949,-0.17991170603918424,0.1409143990068353,0.052263807161742254,0.11572265625,0.496337890625,2.573054552078247,36.05322337150574,36.03262782096863,35.90348720550537,False,False,False,True,True,0.07229471206665039,0.046716392040252686,-0.025578320026397705,-0.07429295778274536,-0.0019982457160949707,-0.027576565742492676,SimPEG L2
OOD,46,horizontal_layers,0.7313179969787598,-0.5995798165976999,0.4656131561926309,0.3404499292373657,0.54067826635156,0.30315725250662473,0.4021557133069903,0.1923828125,0.647216796875,0.38888171315193176,0.3530175773580369,0.3686563758443829,0.17635079041634077,0.130615234375,0.392333984375,0.3275603652000427,0.5720357102644092,0.33891619993220434,0.37102576315696245,0.459228515625,0.838623046875,1.9468631744384766,36.12571167945862,35.95083165168762,36.11714220046997,True,True,True,False,True,-0.04843178391456604,0.012889564037322998,0.06132134795188904,0.39086806774139404,0.342436283826828,0.40375763177871704,Equal mixture
OOD,47,blobs,0.33310839533805847,0.002752779012195222,0.16370169578948543,0.4037514626979828,-0.30251605368006296,0.12715176159575403,0.6661364447571875,0.5068359375,0.876220703125,0.25523829460144043,0.6366182114502166,0.16946914462687962,0.1217946116572239,0.165283203125,0.350830078125,0.23832951486110687,0.5962328649679847,0.144667829155371,0.25905552775790336,0.625244140625,0.9287109375,2.0017051696777344,36.04055881500244,36.056596517562866,35.98304224014282,False,True,True,True,True,0.14851316809654236,0.16542194783687592,0.016908779740333557,-0.07064306735992432,0.07787010073661804,0.0947788804769516,Equal mixture
OOD,48,dipping_layers,0.5249360203742981,0.1346803033385183,0.07438911745088386,0.5271496772766113,0.17407885728163786,0.12604467295866306,0.017328228935138967,0.392578125,0.63427734375,0.553309977054596,0.15306244977759637,0.1415744226537521,-0.024151387873883465,0.38427734375,0.55322265625,0.5536782145500183,0.05468830126822484,0.13412696421387596,0.2774039105508602,0.365966796875,0.529296875,2.6302757263183594,36.21897578239441,36.002294301986694,36.03183627128601,False,False,False,False,False,-0.02616029977798462,-0.026528537273406982,-0.0003682374954223633,-0.0022136569023132324,-0.02837395668029785,-0.028742194175720215,SimPEG L2
OOD,49,faulted_layers,0.7377701997756958,-0.052396097257926044,0.14697951478238416,0.7372194528579712,-0.09535971402595919,0.19352617797845723,0.008581636053719284,0.40625,0.605224609375,0.6388773918151855,0.25715914022742753,0.19931694839128755,0.07774681872859147,0.5224609375,0.858642578125,0.6706387996673584,0.12454766499765325,0.20924439569599293,0.14388763269810306,0.2861328125,0.701171875,2.6079518795013428,36.149412393569946,35.98482942581177,36.04826903343201,True,True,True,True,True,0.09834206104278564,0.06658065319061279,-0.03176140785217285,0.0005507469177246094,0.09889280796051025,0.0671314001083374,Oracle conditional
OOD,50,horizontal_layers,0.4629031717777252,0.14625653586296491,0.13204765156146656,0.3262074887752533,0.841939714661784,0.12384329384081748,0.759177888567067,0.4130859375,0.879150390625,0.5210275053977966,-0.39838829730883585,0.13917614202175152,0.7987446629099845,0.053955078125,0.49609375,0.4679540991783142,0.39111077298929364,0.13305773007868424,0.514002860659904,0.479248046875,0.804931640625,1.964402675628662,35.95122051239014,35.91340351104736,35.95550847053528,True,False,False,False,False,-0.19482001662254333,-0.1417466104030609,0.05307340621948242,0.13669568300247192,-0.05812433362007141,-0.005050927400588989,Unconditional
OOD,51,blobs,0.18701428174972534,0.40563714747083657,0.0194570542362359,0.14037764072418213,0.7469083161099226,0.02341188388894855,0.7130240718913644,0.229248046875,0.63525390625,0.09597121924161911,0.8761418980554762,0.022992708986203144,0.7687789364605103,0.260009765625,0.363037109375,0.14828287065029144,0.7028460864568665,0.02349441445553506,0.7225400448591102,0.526123046875,0.852294921875,1.891434669494629,36.10650825500488,35.86722421646118,36.0181200504303,True,True,True,True,False,0.04440642148256302,-0.007905229926109314,-0.05231165140867233,0.04663664102554321,0.09104306250810623,0.0387314110994339,Oracle conditional
OOD,52,dykes,0.2213144600391388,0.1592296807969553,0.11844389688429606,0.2326175570487976,0.10731057595441397,0.1904856575180799,0.8296651689859214,0.408935546875,0.922119140625,0.2257671356201172,0.25453251257338066,0.19811484972069499,0.8072049181025499,0.66943359375,0.830078125,0.21098445355892181,0.2561540166086306,0.18718033348201268,0.40389034149607816,0.90087890625,0.9453125,2.506812810897827,36.02523589134216,36.064719438552856,35.994587898254395,False,False,True,True,True,0.00685042142868042,0.021633103489875793,0.014782682061195374,-0.011303097009658813,-0.0044526755809783936,0.01033000648021698,Equal mixture
OOD,53,intrusions,0.14929406344890594,0.29918136277176804,0.034435241458951896,0.18642018735408783,0.3249503536698587,0.04286111704137922,0.7829011092946595,0.45703125,0.9111328125,0.23023056983947754,0.10828469104112191,0.0525135846612321,0.6627762169043329,0.835205078125,0.91015625,0.15409250557422638,0.21863273807917274,0.04255485694926725,0.7484436011527577,0.832275390625,0.960205078125,1.9775030612945557,36.108362913131714,35.96695566177368,36.094494104385376,False,False,False,False,True,-0.04381038248538971,0.03232768177986145,0.07613806426525116,-0.037126123905181885,-0.0809365063905716,-0.004798442125320435,SimPEG L2
OOD,54,intrusions,0.38739797472953796,0.4986486942175423,0.46467383047755684,0.16574349999427795,0.8476488784717078,0.3429437936185671,0.8283837814969588,0.83544921875,0.97998046875,0.07616979628801346,0.9695765062104257,0.3954996931278039,0.395560318665449,0.150146484375,0.9384765625,0.15116626024246216,0.8777342802271307,0.36892108572666454,0.3916390846156529,0.958251953125,0.999755859375,1.9547374248504639,36.03307580947876,36.05776119232178,35.91114640235901,True,True,True,True,True,0.0895737037062645,0.014577239751815796,-0.0749964639544487,0.22165447473526,0.3112281784415245,0.2362317144870758,Oracle conditional
OOD,55,blobs,0.20688432455062866,0.6855805091898247,0.10621123883266742,0.23711766302585602,0.5878773415277503,0.121657749634466,0.424708445278228,0.288330078125,0.734130859375,0.18823875486850739,0.7222285285132288,0.12009942191196124,0.37862393037130276,0.194091796875,0.263671875,0.18404631316661835,0.7192096387505524,0.11513291196955461,0.44087128741566856,0.61474609375,0.861572265625,1.8339264392852783,35.971208333969116,35.920124769210815,36.09614300727844,False,True,True,True,True,0.04887890815734863,0.05307134985923767,0.004192441701889038,-0.030233338475227356,0.018645569682121277,0.022838011384010315,Equal mixture
OOD,56,horizontal_layers,0.43833211064338684,0.07926857763825094,0.16750926049263087,0.45924562215805054,0.04230078029773043,0.15776154723727911,0.0839768643014399,0.52392578125,0.795654296875,0.5005242824554443,-0.14266895861860682,0.16962110864382818,-0.3662010362016655,0.422607421875,0.52978515625,0.4589995741844177,0.1312141029727563,0.17427887356019317,0.04573659987854063,0.2744140625,0.521240234375,1.9269580841064453,36.11160683631897,36.09798336029053,36.00671339035034,False,False,False,False,True,-0.0412786602973938,0.0002460479736328125,0.04152470827102661,-0.020913511514663696,-0.062192171812057495,-0.020667463541030884,SimPEG L2
OOD,57,blobs,0.2551923990249634,0.39869005836847066,0.1614954131467588,0.2362552136182785,0.573648031812804,0.15656031781225538,0.6690295289789533,0.828857421875,0.9990234375,0.19120284914970398,0.8210571173262703,0.19687738071186775,0.2466971117449577,0.220703125,0.407470703125,0.19489888846874237,0.6713006144064924,0.16351993081848173,0.41285403362490064,0.76220703125,0.98828125,1.9989564418792725,36.091301679611206,36.069193840026855,36.03116536140442,True,True,True,True,True,0.045052364468574524,0.04135632514953613,-0.003696039319038391,0.018937185406684875,0.0639895498752594,0.06029351055622101,Oracle conditional
OOD,58,dykes,0.21487957239151,0.13169279236235576,0.12718197001488535,0.26092851161956787,-0.050020227493956286,0.19263444047476566,0.7944952259750054,0.775390625,0.9140625,0.19485753774642944,0.37074917498437243,0.19753045316166667,0.9100739142109925,0.32470703125,0.86376953125,0.22325710952281952,0.04749089677499447,0.18894771171351854,0.546272672735109,0.86181640625,0.937255859375,2.612337112426758,36.21959042549133,35.99551486968994,36.066287994384766,False,True,False,True,True,0.06607097387313843,0.03767140209674835,-0.028399571776390076,-0.04604893922805786,0.020022034645080566,-0.00837753713130951,Oracle conditional
OOD,59,dykes,0.18007035553455353,0.18683038215475362,0.026358431111523507,0.19832076132297516,0.07054178784740743,0.025401007213327567,0.8699455094742974,0.240234375,0.8642578125,0.2042139321565628,0.040519811497290545,0.02513469737403314,0.8294205392855626,0.062744140625,0.2255859375,0.20035696029663086,-0.10078102311067073,0.027767670045698467,0.680696362370136,0.730712890625,0.85107421875,2.0168163776397705,36.045982837677,36.120426654815674,35.988961935043335,False,False,False,False,False,-0.0058931708335876465,-0.0020361989736557007,0.003856971859931946,-0.01825040578842163,-0.024143576622009277,-0.02028660476207733,SimPEG L2
OOD,60,faulted_layers,0.3794229328632355,0.07326033269827006,0.16219551848307848,0.26413694024086,0.7193241456847724,0.1655140772273941,0.11959301372656107,0.6865234375,0.8642578125,0.44622454047203064,-0.008963677891517214,0.17131409621175586,0.387389045561315,0.57373046875,0.79541015625,0.3201376795768738,0.6600356632261218,0.16923951513637195,0.5096731707039045,0.77197265625,0.965576171875,1.98024320602417,36.13376998901367,36.04063320159912,36.068716526031494,True,False,True,False,False,-0.18208760023117065,-0.056000739336013794,0.12608686089515686,0.11528599262237549,-0.06680160760879517,0.059285253286361694,Unconditional
OOD,61,horizontal_layers,0.5302214622497559,0.3963105961943242,0.1070109827000453,0.5863816738128662,-0.07207699559849641,0.1181340161659617,0.5875831752530385,0.04931640625,0.356689453125,0.5682815313339233,0.25718574574634223,0.11275000336197268,0.3813627093798386,0.279296875,0.350341796875,0.644498348236084,-0.45476838037748174,0.12601707785854513,0.2478112287030414,0.094970703125,0.492919921875,2.0743541717529297,36.073034048080444,36.037609338760376,35.975908041000366,False,False,False,True,False,0.01810014247894287,-0.05811667442321777,-0.07621681690216064,-0.05616021156311035,-0.03806006908416748,-0.11427688598632812,SimPEG L2
OOD,62,faulted_layers,0.37297725677490234,0.20781075232373977,0.09369820933436827,0.3765023350715637,0.23271336601498793,0.145038556078492,-0.18345372010775493,0.532470703125,0.681884765625,0.3845105469226837,0.1766895306572746,0.15339642468062648,-0.17326934818573136,0.456787109375,0.552001953125,0.3847730755805969,0.1804932909728763,0.1495985099916278,-0.021158061552900766,0.459228515625,0.817138671875,2.6193549633026123,36.18108153343201,36.00948357582092,36.038700103759766,False,False,False,False,False,-0.008008211851119995,-0.008270740509033203,-0.000262528657913208,-0.003525078296661377,-0.011533290147781372,-0.01179581880569458,SimPEG L2
OOD,63,dykes,0.23432862758636475,0.36122514323803245,0.14322422536202364,0.20418627560138702,0.5729794367568939,0.23729037530792693,0.9417921727931553,0.8818359375,0.969482421875,0.18086545169353485,0.6928257861613866,0.24972647041082568,0.8292516385132689,0.410888671875,0.68115234375,0.20913250744342804,0.5483966359965777,0.2227097154191547,0.6393181849074214,0.9091796875,0.9638671875,2.545372486114502,36.10052418708801,36.02752947807312,35.90616798400879,True,True,True,True,False,0.023320823907852173,-0.004946231842041016,-0.02826705574989319,0.030142351984977722,0.053463175892829895,0.025196120142936707,Oracle conditional
OOD,64,horizontal_layers,0.6022612452507019,0.3939017537046119,0.04310004714168486,0.5427522659301758,0.7108869384625089,0.08054051642421735,0.6736105852051666,0.020751953125,0.439453125,0.6562011241912842,0.16815684519992286,0.08617507433970138,0.40610010585865436,0.213134765625,0.368896484375,0.6013622879981995,0.29047785476464516,0.09176689462586785,0.6441929697797939,0.020263671875,0.1591796875,2.369950294494629,36.035802602767944,35.992661237716675,36.097081422805786,True,False,True,False,False,-0.1134488582611084,-0.05861002206802368,0.05483883619308472,0.05950897932052612,-0.053939878940582275,0.0008989572525024414,Unconditional
OOD,65,blobs,0.24306119978427887,0.11283924223175283,0.18660814393910727,0.29469504952430725,0.11938352355091314,0.17533504848453974,0.5466859054120945,0.264404296875,0.62939453125,0.31065523624420166,0.23640048680097075,0.20220426338325068,0.47719537715022864,0.08251953125,0.155517578125,0.22861358523368835,0.29390178483998736,0.17493426048055363,0.26131991877846805,0.772705078125,0.936279296875,1.9664268493652344,36.05149269104004,36.097556352615356,36.105878591537476,False,False,True,False,True,-0.01596018671989441,0.0660814642906189,0.0820416510105133,-0.05163384974002838,-0.06759403645992279,0.014447614550590515,Equal mixture
OOD,66,blobs,0.2401573210954666,0.48758333286065314,0.05114781797319505,0.22640615701675415,0.5607044208159804,0.06480912664120292,0.5055700257701615,0.22021484375,0.861083984375,0.2269524484872818,0.53848253625828,0.05851788982571102,0.6055625337231925,0.264404296875,0.4228515625,0.21254083514213562,0.5957592774274828,0.05371750777587459,0.44638903418306514,0.622802734375,0.836669921875,2.055671453475952,36.098443269729614,36.040101528167725,36.071208238601685,True,True,True,False,True,-0.0005462914705276489,0.01386532187461853,0.01441161334514618,0.013751164078712463,0.013204872608184814,0.027616485953330994,Equal mixture
OOD,67,blobs,0.2131652981042862,0.19202491385099044,0.017634132405261006,0.2505786418914795,0.12083913285126881,0.034726538622962565,0.6217427128943874,0.13525390625,0.34326171875,0.24085679650306702,-0.03292555053618423,0.0351525184065305,0.47191387181797045,0.14697265625,0.365234375,0.21240639686584473,0.13191913197624486,0.03398561954115983,0.5925943163931707,0.300537109375,0.677001953125,2.6230862140655518,36.09884333610535,36.02386927604675,36.01406526565552,False,False,True,True,True,0.009721845388412476,0.038172245025634766,0.02845039963722229,-0.0374133437871933,-0.027691498398780823,0.0007589012384414673,Equal mixture
OOD,68,horizontal_layers,0.5724486112594604,0.03151168227329619,0.03370490338166866,0.5749063491821289,0.0681632347443216,0.07188144820903462,0.07851448960129856,0.232421875,0.303955078125,0.5715846419334412,0.07328483162167858,0.06778846699691482,-0.2365239504756936,0.21484375,0.409423828125,0.5625669956207275,0.2120829124349777,0.09609721635515522,-0.17018579355617128,0.217041015625,0.379150390625,2.549107789993286,36.19743275642395,36.01699876785278,36.170330286026,False,True,True,True,True,0.003321707248687744,0.012339353561401367,0.009017646312713623,-0.002457737922668457,0.0008639693260192871,0.00988161563873291,Equal mixture
OOD,69,faulted_layers,0.6691340208053589,-0.03181184488563513,0.0837072239609869,0.7422853112220764,-0.06411543525334869,0.16197730910076286,0.468513244225036,0.14990234375,0.441650390625,0.6071041822433472,0.26146687120340356,0.12955149412080558,0.5315931100194597,0.43896484375,0.75,0.6674604415893555,0.008239520661642725,0.15573966318788549,0.3719087900182037,0.197265625,0.472412109375,2.6249587535858154,36.19768238067627,36.02988362312317,36.17436599731445,False,True,True,True,True,0.13518112897872925,0.07482486963272095,-0.0603562593460083,-0.07315129041671753,0.06202983856201172,0.001673579216003418,Oracle conditional
OOD,70,dykes,0.2167031615972519,0.24893830500134667,0.018242661068231913,0.20245899260044098,0.3714742804627268,0.021387435600510197,0.8764981102159984,0.719482421875,0.879150390625,0.2083270400762558,0.28060019782420503,0.021693870080883162,0.8420776850129216,0.041259765625,0.22607421875,0.22390097379684448,0.0654839764099288,0.02213442478296076,0.6739331050844862,0.7568359375,0.919921875,2.039689779281616,36.02708172798157,35.946457862854004,36.025038957595825,True,True,False,False,False,-0.005868047475814819,-0.021441981196403503,-0.015573933720588684,0.014244168996810913,0.008376121520996094,-0.00719781219959259,Unconditional
OOD,71,intrusions,0.3183658719062805,0.4584004260166164,0.3814656073821418,0.18695764243602753,0.7423343610017983,0.3169833149444265,0.8843259590045216,0.7001953125,0.984130859375,0.1796930879354477,0.8222797137897596,0.31490662767262906,0.8305967464053486,0.263916015625,0.90869140625,0.16272543370723724,0.8086603733629038,0.3202213608441025,0.681636029331581,0.9267578125,0.98779296875,1.9111196994781494,36.06308150291443,36.026371479034424,36.06706380844116,True,True,True,True,True,0.007264554500579834,0.024232208728790283,0.01696765422821045,0.131408229470253,0.13867278397083282,0.15564043819904327,Equal mixture
OOD,72,intrusions,0.21924863755702972,0.3204886744684653,0.03377634781067201,0.11599612236022949,0.8811014824364958,0.03738221258137726,0.7764662333124681,0.34716796875,0.92822265625,0.20038971304893494,0.5191004450115672,0.043285409123468795,0.8294518211612452,0.699462890625,0.89453125,0.20178113877773285,0.43707824877421597,0.039269222987697194,0.9049170415752481,0.669189453125,0.885009765625,1.9567065238952637,36.161381483078,36.037803649902344,36.00525259971619,True,True,True,False,False,-0.08439359068870544,-0.08578501641750336,-0.0013914257287979126,0.10325251519680023,0.018858924508094788,0.017467498779296875,Unconditional
OOD,73,intrusions,0.27407026290893555,0.4813310365052655,0.17752805805463687,0.19200989603996277,0.7920425588750041,0.18177190100128324,0.8058560477686688,0.893798828125,0.99365234375,0.15734679996967316,0.8830784004084554,0.20515723093113214,-0.11122191448297632,0.200927734375,0.653076171875,0.2021728754043579,0.8257313112670572,0.18803137893175992,0.4808146427219504,0.830810546875,0.988037109375,2.0056774616241455,36.14036583900452,35.98429083824158,36.104477882385254,True,True,True,True,False,0.03466309607028961,-0.010162979364395142,-0.04482607543468475,0.08206036686897278,0.11672346293926239,0.07189738750457764,Oracle conditional
OOD,74,faulted_layers,0.6820108294487,-0.002138686320567394,0.11292805812613246,0.6948480010032654,-0.07733931596788031,0.1575649998859042,0.19794962535963956,0.3173828125,0.545166015625,0.5056690573692322,0.550600037383522,0.1580041784510928,0.18733969471166242,0.6689453125,0.906005859375,0.6302314400672913,0.14517971135424762,0.1602209871757504,0.22407175928153966,0.404052734375,0.7392578125,2.5392415523529053,36.080082178115845,36.0131471157074,36.098060846328735,False,True,True,True,True,0.1891789436340332,0.06461656093597412,-0.12456238269805908,-0.01283717155456543,0.17634177207946777,0.05177938938140869,Oracle conditional
OOD,75,blobs,0.3201132118701935,0.31962395850918107,0.3268576680900524,0.1951778680086136,0.6472318443477789,0.2966303301143414,0.5105423748577079,0.791015625,0.9912109375,0.21760636568069458,0.7634464838446536,0.33045683235215817,0.5741992029809034,0.3115234375,0.50048828125,0.11819290369749069,0.8563957980722056,0.3008447787212893,0.09823602209026946,0.92626953125,0.99951171875,2.0012457370758057,36.12364721298218,36.054136991500854,36.12645363807678,True,True,True,False,True,-0.022428497672080994,0.0769849643111229,0.09941346198320389,0.1249353438615799,0.1025068461894989,0.2019203081727028,Equal mixture
OOD,76,intrusions,0.2390485554933548,0.49331981733591856,0.08548059318843214,0.11720515042543411,0.8969009055985899,0.10902802997448223,0.8618914107545748,0.873291015625,0.98681640625,0.08570009469985962,0.9632928458335619,0.11307089169627772,0.5305412566964375,0.280029296875,0.870361328125,0.16615833342075348,0.9059097970298906,0.10270900519292096,0.3821994745074894,0.940185546875,0.9970703125,2.040994882583618,36.122267961502075,36.06517553329468,36.02458095550537,True,True,True,True,False,0.03150505572557449,-0.048953182995319366,-0.08045823872089386,0.12184340506792068,0.15334846079349518,0.07289022207260132,Oracle conditional
OOD,77,horizontal_layers,0.4512518644332886,0.021434492617553095,0.09852820481802994,0.4512658715248108,0.25896606558406776,0.11162467803745818,0.4442279637571544,0.257080078125,0.59765625,0.48521387577056885,-0.45530351074444764,0.11509666003724167,0.5238638350757227,0.160400390625,0.476806640625,0.45089757442474365,0.09711832213714015,0.11445314627502685,0.5554567438446039,0.1142578125,0.509521484375,2.023306131362915,36.079522132873535,36.053449392318726,36.041006088256836,False,False,True,False,True,-0.03394800424575806,0.00036829710006713867,0.034316301345825195,-1.4007091522216797e-05,-0.03396201133728027,0.0003542900085449219,Equal mixture
OOD,78,horizontal_layers,0.46030035614967346,0.3431482403280148,0.14897400427117735,0.5593783855438232,-0.2851475511187321,0.14709069622192714,0.30202145864430197,0.126220703125,0.398681640625,0.6247724890708923,-0.3498229487254603,0.13287438059474724,-0.11935627942499398,0.32861328125,0.432861328125,0.5620524287223816,-0.4328796302676454,0.15722678239356735,0.4430654406041903,0.235107421875,0.533935546875,2.0704116821289062,36.20180821418762,36.058948040008545,36.17194199562073,False,False,False,False,False,-0.06539410352706909,-0.0026740431785583496,0.06272006034851074,-0.09907802939414978,-0.16447213292121887,-0.10175207257270813,SimPEG L2
OOD,79,horizontal_layers,0.39889705181121826,0.07462254747893758,0.1796998300221785,0.4100256562232971,0.19916883344625558,0.16865835251048197,-0.09638849668662847,0.52392578125,0.810791015625,0.47026529908180237,-0.504549288442269,0.1768014171671338,-0.2066904898270778,0.258544921875,0.5908203125,0.4054957926273346,0.20448415244894683,0.18509866524038315,0.1825186695887763,0.12646484375,0.701416015625,2.077195644378662,36.081835985183716,36.02152132987976,35.9042866230011,False,False,False,False,True,-0.06023964285850525,0.004529863595962524,0.06476950645446777,-0.011128604412078857,-0.0713682472705841,-0.006598740816116333,SimPEG L2
OOD,80,blobs,0.2348148226737976,0.6440400681684709,0.04205466584734218,0.21503816545009613,0.6963122863380323,0.07446844257137673,0.6121923614610058,0.5947265625,0.959228515625,0.24920441210269928,0.5878873953062013,0.07718632999680586,0.3344520036759118,0.320068359375,0.5283203125,0.20771411061286926,0.7181879056136592,0.07231937669342124,0.163146746384715,0.72607421875,0.875732421875,2.4007580280303955,36.07631707191467,35.91930103302002,36.09049916267395,True,False,True,False,True,-0.03416624665260315,0.007324054837226868,0.04149030148983002,0.019776657223701477,-0.014389589428901672,0.027100712060928345,Equal mixture
OOD,81,dykes,0.19665266573429108,0.3707681956608523,0.1424280536135587,0.18105974793434143,0.5122851111518413,0.20237511557836504,0.7806249842656225,0.888671875,0.9658203125,0.16822709143161774,0.6025900685747823,0.1945584567657922,0.9001488082927304,0.645263671875,0.953125,0.17960669100284576,0.5445638716475362,0.20648579797488442,0.7367848491684816,0.900390625,0.9755859375,2.5609724521636963,36.02445435523987,36.06041502952576,36.031293630599976,True,True,True,True,True,0.012832656502723694,0.0014530569314956665,-0.011379599571228027,0.015592917799949646,0.02842557430267334,0.017045974731445312,Oracle conditional
OOD,82,faulted_layers,0.5359854102134705,-0.05928842624366464,0.049145521188691865,0.553085446357727,0.04007077427719409,0.094454942102194,0.5823799833186138,0.08447265625,0.159912109375,0.5761862993240356,-0.24996283833128585,0.10549765867299717,0.47385486082798906,0.480712890625,0.75439453125,0.5374742150306702,0.01649797485456617,0.09848595686859365,0.4035568775866555,0.13623046875,0.472412109375,2.6093764305114746,36.21800422668457,35.878419399261475,36.02451705932617,False,False,False,False,True,-0.023100852966308594,0.015611231327056885,0.03871208429336548,-0.017100036144256592,-0.040200889110565186,-0.001488804817199707,SimPEG L2
OOD,83,horizontal_layers,0.4445367157459259,-0.05242805754970488,0.1545190480944664,0.5032778978347778,-0.05427714172141136,0.13459469476979127,0.5228296840953244,0.31396484375,0.864990234375,0.465199738740921,-0.1093254508690145,0.13174526035026257,0.18927584932548833,0.53515625,0.68017578125,0.4463880956172943,0.05283518961082988,0.14549366627337193,0.29275970603371443,0.16552734375,0.600830078125,1.8127045631408691,35.8855676651001,36.06622004508972,36.0497829914093,False,False,False,True,True,0.03807815909385681,0.05688980221748352,0.01881164312362671,-0.05874118208885193,-0.020663022994995117,-0.0018513798713684082,SimPEG L2
OOD,84,dipping_layers,0.8148238658905029,-0.21246667325483476,0.39896721039770205,0.702864944934845,0.12142516904866656,0.3203946901832918,0.5154144078359773,0.322509765625,0.503662109375,0.6775507926940918,0.2576586532756238,0.324298666468725,0.0952659340763794,0.272216796875,0.42529296875,0.6273309588432312,0.37433957655713646,0.3291150111022216,0.5992298779637097,0.253662109375,0.65185546875,1.9664645195007324,36.0108687877655,36.026079416275024,36.10715341567993,True,True,True,True,True,0.025314152240753174,0.07553398609161377,0.050219833850860596,0.11195892095565796,0.13727307319641113,0.18749290704727173,Equal mixture
OOD,85,blobs,0.11934967339038849,0.48631996629676744,0.06951253416057325,0.1795986443758011,0.47836244881046686,0.07679632357074656,0.27344566661739556,0.32958984375,0.90576171875,0.1713826209306717,0.4975934535172607,0.07417169674901193,0.6321958885742696,0.148193359375,0.2900390625,0.11716262996196747,0.4874379160116755,0.06559674689893387,0.34808654972368136,0.751953125,0.928466796875,1.9971950054168701,36.00858545303345,36.151429653167725,36.01194214820862,False,False,True,True,True,0.008216023445129395,0.06243601441383362,0.054219990968704224,-0.0602489709854126,-0.0520329475402832,0.0021870434284210205,Equal mixture
OOD,86,faulted_layers,0.7488664984703064,-0.001963925848418831,0.5276210718203852,0.4015781283378601,0.6744179168122683,0.3601247794833041,0.6005645051034033,0.33544921875,0.602294921875,0.4073583483695984,0.7347197938705838,0.3821919615326817,0.35317506243480756,0.416259765625,0.66552734375,0.38776713609695435,0.7053096546044685,0.41083042841322637,0.6814002211482687,0.258056640625,0.592041015625,2.0451786518096924,36.14932370185852,36.0278115272522,36.1652398109436,True,True,True,False,True,-0.005780220031738281,0.013810992240905762,0.019591212272644043,0.3472883701324463,0.341508150100708,0.36109936237335205,Equal mixture
OOD,87,dipping_layers,0.4508327543735504,0.5012938590608952,0.1929679254579889,0.4353267550468445,0.5706761457298961,0.2501454782674841,0.5702939684840981,0.519775390625,0.838134765625,0.4473201632499695,0.5226395814427072,0.24514113098910317,0.7087870470014132,0.540283203125,0.82568359375,0.42444345355033875,0.609833181685143,0.20951559200609315,0.537574508511431,0.524658203125,0.81982421875,2.574862480163574,35.95927143096924,35.94781470298767,35.9101505279541,True,True,True,False,True,-0.011993408203125,0.010883301496505737,0.022876709699630737,0.015505999326705933,0.0035125911235809326,0.02638930082321167,Equal mixture
OOD,88,horizontal_layers,0.5903895497322083,-0.16232317856185544,0.15245725055652312,0.512568473815918,0.5177488540813514,0.12649899464293315,0.4878516007773602,0.265380859375,0.7998046875,0.5242671370506287,0.2842637053937532,0.13179280263871943,0.4441447990715736,0.707275390625,0.766357421875,0.5861060619354248,-0.117040516329129,0.14264924254110295,0.3439280668655514,0.074462890625,0.56640625,1.8031244277954102,36.02157974243164,35.91908001899719,36.04318022727966,True,True,True,False,False,-0.011698663234710693,-0.07353758811950684,-0.06183892488479614,0.07782107591629028,0.06612241268157959,0.004283487796783447,Unconditional
OOD,89,horizontal_layers,0.4491865038871765,0.539240805195205,0.06035271512291555,0.42708706855773926,0.3102611309400308,0.11270942690262735,0.5762539526962238,0.159423828125,0.4052734375,0.5368242859840393,0.22127935174935787,0.11324964080806976,0.4461603076801052,0.298828125,0.427001953125,0.4856623411178589,0.08030527704662006,0.11761992567208099,0.575704402599754,0.045654296875,0.56591796875,2.3195583820343018,36.05598449707031,36.01172423362732,35.93785643577576,True,False,False,False,False,-0.10973721742630005,-0.05857527256011963,0.05116194486618042,0.022099435329437256,-0.08763778209686279,-0.03647583723068237,Unconditional
OOD,90,blobs,0.12185528874397278,0.34879773485495763,0.027422072307476803,0.14011956751346588,0.47384084385425146,0.03223109102237686,0.8886071772198313,0.79736328125,0.973388671875,0.18155193328857422,0.17883724581813487,0.03349223599845743,0.7653487721612425,0.18505859375,0.6572265625,0.11635410785675049,0.3970896338870979,0.03276977464301412,0.4996320796561922,0.889404296875,0.964111328125,1.7931554317474365,36.11689805984497,36.03854274749756,36.040520906448364,False,False,True,False,True,-0.04143236577510834,0.023765459656715393,0.06519782543182373,-0.018264278769493103,-0.05969664454460144,0.00550118088722229,Equal mixture
OOD,91,dipping_layers,0.6938557028770447,-0.319360315773547,0.15878412758881538,0.6887609958648682,-0.08468292992413624,0.13456288180079914,0.3594379496995603,0.315673828125,0.55810546875,0.5758222937583923,0.41733312616738216,0.13912914906488305,0.584539600506457,0.560302734375,0.707275390625,0.6302802562713623,0.07828975563935367,0.14731001725794818,0.2659915898155236,0.346923828125,0.68017578125,2.031622886657715,36.13482666015625,35.96206283569336,35.963796615600586,True,True,True,True,True,0.11293870210647583,0.05848073959350586,-0.05445796251296997,0.005094707012176514,0.11803340911865234,0.06357544660568237,Oracle conditional
OOD,92,blobs,0.255877822637558,0.3881753668817102,0.2065451717515176,0.24516645073890686,0.4647284556612712,0.17891386796049413,0.3822842845130091,0.483642578125,0.90576171875,0.2500059902667999,0.6145731727287927,0.19732380185380213,0.7638393003826172,0.102783203125,0.19873046875,0.22101078927516937,0.515555488254752,0.18102802596116127,0.31050117476570904,0.5673828125,0.99072265625,1.7419583797454834,35.977989196777344,35.887455224990845,35.99132823944092,True,True,True,False,True,-0.004839539527893066,0.024155661463737488,0.028995200991630554,0.010711371898651123,0.005871832370758057,0.03486703336238861,Equal mixture
OOD,93,horizontal_layers,0.3784913718700409,0.10514410162857897,0.13165837151447457,0.3710460662841797,0.36153028837409185,0.13399805522153865,0.4354016159108872,0.3154296875,0.752197265625,0.4416462481021881,-0.380645247296275,0.14884503649327427,0.18050562174807508,0.341796875,0.509765625,0.4175506830215454,-0.16465268449512574,0.15675057024983516,0.31617423139759415,0.143310546875,0.6201171875,1.7904963493347168,36.048097133636475,36.047574520111084,36.0192666053772,True,False,False,False,False,-0.07060018181800842,-0.04650461673736572,0.0240955650806427,0.007445305585861206,-0.06315487623214722,-0.03905931115150452,Unconditional
OOD,94,dipping_layers,0.5880106091499329,-0.2677603370622498,0.32437584049598406,0.5372821688652039,-0.09828776710511201,0.2932619311603988,0.3455039275178149,0.326171875,0.455810546875,0.42660272121429443,0.4037388260224201,0.2967713025636896,-0.02513579085689863,0.311279296875,0.86279296875,0.4998852014541626,0.0030400778671865803,0.29317847137795094,0.3571895538071338,0.267333984375,0.654541015625,2.0348894596099854,36.10156726837158,36.08794283866882,35.966654777526855,True,True,True,True,True,0.11067944765090942,0.03739696741104126,-0.07328248023986816,0.050728440284729004,0.16140788793563843,0.08812540769577026,Oracle conditional
OOD,95,dipping_layers,0.5448535084724426,0.13844381662602837,0.1521211030394794,0.5186172127723694,0.20067396286989445,0.22832869338995823,0.21928644480354384,0.46875,0.606201171875,0.49964651465415955,0.2869027140670231,0.22996674480088278,0.23790374302849132,0.454345703125,0.800048828125,0.5224410891532898,0.16567527018546443,0.23389739799582993,0.30896464837782106,0.370361328125,0.564208984375,2.608020305633545,36.20065379142761,36.02740001678467,36.105066776275635,True,True,True,True,False,0.01897069811820984,-0.00382387638092041,-0.02279457449913025,0.026236295700073242,0.04520699381828308,0.022412419319152832,Oracle conditional
OOD,96,horizontal_layers,0.958150327205658,-0.6527520156299172,0.3125545052041702,0.4496453106403351,0.656788547168129,0.41770808220172395,0.48078104931637367,0.244873046875,0.365234375,0.49995869398117065,0.6140921653379382,0.4861685385569876,0.7078917853617473,0.246826171875,0.3759765625,0.475807249546051,0.8211804160151008,0.4844573837214019,0.5053504638116508,0.469482421875,0.503662109375,2.5817902088165283,36.03693962097168,36.018144369125366,35.94485545158386,True,True,True,False,False,-0.05031338334083557,-0.026161938905715942,0.02415144443511963,0.5085050165653229,0.4581916332244873,0.48234307765960693,Unconditional
OOD,97,dipping_layers,0.6050726771354675,0.19132128912920854,0.16172783109690772,0.6018251776695251,0.22705339118703532,0.29760248620343094,0.49880749523598816,0.33544921875,0.725341796875,0.501866340637207,0.5512070125023666,0.2892916672696741,0.43233428026493076,0.680908203125,0.957275390625,0.5445564985275269,0.4033904825112337,0.26904813767732977,0.5151871063469663,0.457763671875,0.882080078125,2.548907518386841,36.126108169555664,35.934152364730835,36.01536273956299,True,True,True,True,True,0.09995883703231812,0.05726867914199829,-0.042690157890319824,0.003247499465942383,0.1032063364982605,0.060516178607940674,Oracle conditional
OOD,98,horizontal_layers,0.9303779006004333,-0.4224839398719311,0.3871170310656011,0.5758285522460938,0.6056181807020513,0.280118452497218,0.16432970314888273,0.279052734375,0.51416015625,0.5510424971580505,0.7336402665791134,0.3141676515189177,0.5747130153310873,0.04931640625,0.282958984375,0.616790235042572,0.5244641599164489,0.3266159237095207,0.5487289647306692,0.210693359375,0.5478515625,1.825289011001587,35.941455602645874,36.011897563934326,35.977346658706665,True,True,True,True,False,0.024786055088043213,-0.04096168279647827,-0.06574773788452148,0.3545493483543396,0.3793354034423828,0.31358766555786133,Oracle conditional
OOD,99,horizontal_layers,0.5322079658508301,-0.003698714778017385,0.04941299488781681,0.5430542230606079,0.10455640089080141,0.10200264653614945,-0.05736954258442925,0.149658203125,0.378173828125,0.5162733197212219,0.1818506236368787,0.08604376590145944,-0.22842045377236334,0.3681640625,0.400146484375,0.5122477412223816,0.1961189945542238,0.09558666317121142,-0.054453545966026806,0.275390625,0.49658203125,2.3741848468780518,36.075966358184814,36.066550731658936,35.99527144432068,False,True,True,True,True,0.026780903339385986,0.03080648183822632,0.004025578498840332,-0.010846257209777832,0.015934646129608154,0.019960224628448486,Equal mixture
