split,geology_type,method,rmse_mean,rmse_median,rmse_std,rmse_count,normalized_rmse_mean,normalized_rmse_median,normalized_rmse_std,normalized_rmse_count,mae_mean,mae_median,mae_std,mae_count,correlation_mean,correlation_median,correlation_std,correlation_count,ssim_mean,ssim_median,ssim_std,ssim_count,gradient_rmse_mean,gradient_rmse_median,gradient_rmse_std,gradient_rmse_count,gradient_correlation_mean,gradient_correlation_median,gradient_correlation_std,gradient_correlation_count,boundary_sharpness_ratio_mean,boundary_sharpness_ratio_median,boundary_sharpness_ratio_std,boundary_sharpness_ratio_count,polarity_accuracy_mean,polarity_accuracy_median,polarity_accuracy_std,polarity_accuracy_count,iou_mean,iou_median,iou_std,iou_count,relative_area_error_mean,relative_area_error_median,relative_area_error_std,relative_area_error_count,normalized_centroid_distance_mean,normalized_centroid_distance_median,normalized_centroid_distance_std,normalized_centroid_distance_count,orientation_error_degrees_mean,orientation_error_degrees_median,orientation_error_degrees_std,orientation_error_degrees_count,multi_interface_mean_distance_pixels_mean,multi_interface_mean_distance_pixels_median,multi_interface_mean_distance_pixels_std,multi_interface_mean_distance_pixels_count,mean_posterior_std_mean,mean_posterior_std_median,mean_posterior_std_std,mean_posterior_std_count,uncertainty_error_spearman_mean,uncertainty_error_spearman_median,uncertainty_error_spearman_std,uncertainty_error_spearman_count
ID,blobs,Equal mixture,0.17192236818373202,0.16382060199975967,0.05012937667453217,20,0.7498060100219152,0.7270006730895192,0.17739398577536825,20,0.10959785804152489,0.10745657980442047,0.03386579274953407,20,0.6364022647170089,0.7137778477284679,0.2677290557253247,20,0.35454494313787205,0.371559760845068,0.15747813006466121,20,0.030478841173971826,0.031350476783089984,0.008870004504677828,20,0.4546253786949036,0.4344911976935442,0.1405076465733095,20,0.8167685419322133,0.6970784597464446,0.4818455190656104,20,0.8446824904958167,0.9181321810203329,0.17949990176610703,20,0.3063709132884425,0.3401054449595491,0.2666719966355173,20,0.5646238716795986,0.4777147724223226,0.3523964877248537,20,0.049992587600530734,0.04092375054506515,0.045879323591076715,15,40.10786300368273,37.942912655297484,29.12206314236976,15,,,,0,0.23582696579396725,0.25554609298706055,0.08532190236934142,20,0.49163360592812505,0.5325464041570387,0.21705359383791528,20
ID,blobs,Oracle conditional,0.18219683617353438,0.180245503783226,0.06989051597025192,20,0.8099216038540193,0.723086217739308,0.3281068795146407,20,0.11249000001698732,0.10053136199712753,0.04835598923156978,20,0.6370295157274757,0.739658145096389,0.2988964497141979,20,0.44055607565005117,0.4412337806386022,0.19595441895885019,20,0.029432297566935106,0.029999436020740566,0.011043050025547757,20,0.6264594715066926,0.6535387510783977,0.20839018175734997,20,0.9357565654277188,0.9347037564670806,0.46053084189298155,20,0.8846481442236106,0.9946236559139785,0.17239359074533442,20,0.38774556382299086,0.375737170279998,0.2469687268152859,20,0.376703598622543,0.2292987725738866,0.34960893710842816,20,0.08889843802177863,0.07031675793505496,0.07417066410843542,17,34.6384743591578,32.32529057889081,18.208666800422574,17,,,,0,0.06048890314996243,0.05600644648075104,0.028702652118255713,20,0.559047587111923,0.5579802552248849,0.18801829815224033,20
ID,blobs,SimPEG L2,0.21925778016448022,0.21207740902900696,0.05443589666468691,20,0.9563386889931254,0.9236833782953973,0.1591918936168241,20,0.14793962240219116,0.14129915833473206,0.04696593870536889,20,0.4430307842139836,0.48776617308154846,0.2016415102608127,20,0.2409339238474189,0.22254735180178623,0.12603121383289342,20,0.029353642988933937,0.02825524578789182,0.00853050879514403,20,0.133980638551485,0.2242060330227625,0.3668633399776109,20,0.35187602668047513,0.25076801743495436,0.3506682257931747,20,0.8298448827854223,0.9100006028090903,0.20019526748887395,20,0.12043470322702714,0.0,0.15372723437636845,20,0.9380380379397412,1.0,0.3709809522149556,20,0.14914276158539297,0.17548480951744258,0.07520233150069768,8,49.09223557469778,41.93574377559091,32.87730239837387,8,,,,0,,,,0,,,,0
ID,blobs,Unconditional,0.19710029140114785,0.19266297668218613,0.051001295629761266,20,0.8762915870615977,0.8633865076935573,0.24515311041517035,20,0.12566639818251132,0.11757954582571983,0.03493286010001878,20,0.5925208319483768,0.6354519900245601,0.22883365254258947,20,0.35070198095952543,0.3624822156971462,0.1620412692859652,20,0.03790420139144965,0.03830953115839614,0.008819847854151972,20,0.4871233133202125,0.5028434323105154,0.12909437822328873,20,1.0868424336323035,1.0329219865851207,0.5521069315272455,20,0.8454171873467505,0.8944749862561847,0.1802278780313782,20,0.35819138702023595,0.3498631072370205,0.17217650968467782,20,0.4476317452621463,0.3675360329444063,0.3254239536123088,20,0.12823745425497798,0.08425608412946464,0.11043509008547729,18,39.004014490168665,41.32247192875904,22.606176525594833,18,,,,0,0.2011245209723711,0.21418195217847824,0.07733759458289761,20,0.5768139063987985,0.6026946454451635,0.18373373905704846,20
ID,dipping_layers,Equal mixture,0.5381862173477808,0.5666309595108032,0.1463829430798142,12,0.914977613283658,0.9518233206273393,0.19658771072199177,12,0.45006470878918964,0.47729797661304474,0.12911921234039073,12,0.27329737428705086,0.1523870091006341,0.3833213028814356,12,0.05730716979808212,0.03944278929735112,0.12192225249393314,12,0.13219171991480316,0.13248576778661442,0.039016011939281676,12,0.035119715878019375,0.024044082568898322,0.064523706537124,12,0.5300902451178845,0.49514710030825876,0.32287749935779647,12,0.6583272415238525,0.5654780008834788,0.204575188607719,12,,,,0,,,,0,,,,0,,,,0,12.513020833333334,10.736979166666666,4.2968629476414995,12,0.31939367453257245,0.313617542386055,0.06435676707697444,12,0.36144371362242866,0.3818931211858265,0.23102430691242082,12
ID,dipping_layers,Oracle conditional,0.5336868713299433,0.5352523326873779,0.1491098237683193,12,0.9024976941225344,0.9288516631822676,0.16616232309667298,12,0.4438541606068611,0.4521523714065552,0.13135834214488384,12,0.3416229455757968,0.3451558744662315,0.2231119205988198,12,0.07290111832806125,0.07890380977405609,0.12198292226547974,12,0.13056697519548605,0.12980422487663046,0.03644680748597827,12,0.05890005762449129,0.059606833392362335,0.07413092378138877,12,0.5345402454314891,0.45067434349354213,0.32951779955976646,12,0.7139386132161006,0.6595789369684869,0.1817678958115125,12,,,,0,,,,0,,,,0,,,,0,12.103298611111112,9.971354166666666,4.802682384398475,12,0.3301655227939288,0.32915376126766205,0.07562807795199288,12,0.4030085013232661,0.37487662530597665,0.15700502421953721,12
ID,dipping_layers,SimPEG L2,0.676961546142896,0.7010230422019958,0.22681738886026304,12,1.1197245394698732,1.1449585509708968,0.19438967254692402,12,0.5540578713019689,0.5849332213401794,0.16698243690268802,12,-0.15689914386380097,-0.2417380016683754,0.22155478169498624,12,0.04411938129617715,0.04850238377220429,0.10126391866159362,12,0.1303585238130716,0.1298951460536648,0.039343358490344864,12,-0.012906209548232727,-0.021698159562612455,0.0454219269411312,12,0.2534305776997912,0.1944095246089742,0.14705866800225992,12,0.6744559654660071,0.600275426085689,0.2073477713336027,12,,,,0,,,,0,,,,0,,,,0,23.422526041666668,23.309895833333332,3.2704224246466556,12,,,,0,,,,0
ID,dipping_layers,Unconditional,0.5517883822321892,0.5801261961460114,0.16218905355490337,12,0.935796775285751,0.9227826407760991,0.22613021073687048,12,0.457965973764658,0.4906182438135147,0.1332428993220255,12,0.3014106267202306,0.2915467025272046,0.35772654780436264,12,0.08480190281713613,0.07391418034166579,0.11337492344447382,12,0.13340095962683418,0.13070837320590234,0.04021815139940269,12,0.08140699538711126,0.04998310662470111,0.10732456183084729,12,0.6321290993180969,0.6132971226107744,0.24213773238593714,12,0.6523717034233297,0.5928792638937372,0.23405087845590467,12,,,,0,,,,0,,,,0,,,,0,12.505208333333334,12.928385416666666,3.907641166417383,12,0.32586516067385674,0.31418175995349884,0.07841646574850716,12,0.38830250035082714,0.4414159700007321,0.25244312348550246,12
ID,dykes,Equal mixture,0.17317951184052688,0.17572025954723358,0.0215823907342062,13,0.9290305205235428,0.8923876824974786,0.08320134874388382,13,0.09358191662109815,0.08827763795852661,0.0204453431031755,13,0.3282963375641414,0.4039138489094401,0.14476608935605714,13,0.3179082755059322,0.29536468198465327,0.09555424076409046,13,0.09054920158940608,0.08395229489663246,0.012763359229013489,13,0.3228093541851177,0.3377798220417076,0.06896408000167285,13,0.4840485566454377,0.49102625095352337,0.10370565027122026,13,0.9249123897816773,0.9785714285714285,0.09206244813881043,13,0.09433964131466463,0.09411764705882353,0.041569225369457875,13,0.7807162295017162,0.8632218844984803,0.24567699511975793,13,0.2930723428395929,0.3253207292113187,0.08237411204570179,12,9.740487341711157,8.067484336915449,9.42707959677426,12,,,,0,0.21458403880779559,0.21862497925758362,0.04640283791953689,13,0.581762560784129,0.6237391053685365,0.15257330804847977,13
ID,dykes,Oracle conditional,0.15261047505415404,0.14982543885707855,0.01842143305050957,13,0.8214996901390594,0.8164273664825364,0.09599338813673222,13,0.06834924708192165,0.06829795241355896,0.010719224378596282,13,0.5140518190203085,0.5400255764833782,0.146857821944832,13,0.5126372697392628,0.5126752205141732,0.05402070104926489,13,0.08606455351466155,0.08072479443914471,0.013585277791086429,13,0.47875222264843637,0.48323682524041756,0.07449593097505246,13,0.5596701341529139,0.5609539700842858,0.09444851756346538,13,0.9510671821738258,1.0,0.10129805896085228,13,0.24815788415003653,0.233983286908078,0.1117789039971385,13,0.5725476289491824,0.584375,0.21362432489601801,13,0.22952711574182527,0.2480135055804933,0.05204217465816498,12,5.658292528940707,5.045855381404479,3.770644653952131,12,,,,0,0.09465399671059388,0.08962684869766235,0.018549037795430694,13,0.9012151337029018,0.9203796812129069,0.0484670195504252,13
ID,dykes,SimPEG L2,0.17122337680596572,0.17405728995800018,0.024770300989983875,13,0.9139823397558562,0.9069058871656741,0.037600735693816806,13,0.10058782135064785,0.10092262923717499,0.02335237869748801,13,0.3454552762717172,0.3639420682593486,0.08478427780683286,13,0.2359153156786277,0.21012030354216607,0.10476055107459041,13,0.09100121603781863,0.08611800686882569,0.01265940368115487,13,0.23281252131307809,0.23398860950512132,0.06837206174240494,13,0.26091310805504986,0.2750592579434737,0.07578064724270625,13,1.0,1.0,0.0,13,0.1108685913179199,0.10985915492957747,0.042936787974837624,13,0.7649192339850288,0.7678571428571429,0.10876100136379899,13,0.31294896853248183,0.3083573760564766,0.037345856605307676,12,22.031857888626977,23.700204028469642,7.353045180520776,12,,,,0,,,,0,,,,0
ID,dykes,Unconditional,0.16983993580708137,0.16478288173675537,0.026860865835302117,13,0.9126218955824219,0.9273217805395483,0.13027539692707074,13,0.08540642548065919,0.08577017486095428,0.014384447976837463,13,0.38142841248666753,0.3387419839115479,0.1847964664629861,13,0.40065123709893125,0.389863615941198,0.049015865770347104,13,0.08907060873477539,0.08435978558722529,0.014895628627582043,13,0.3787159164366644,0.3787084620059502,0.10586032076733243,13,0.5752390194360472,0.602441648335654,0.10099079956722806,13,0.929527072670507,1.0,0.12535046121712132,13,0.16112811588831571,0.16226415094339622,0.10860156883314437,13,0.5001195652782943,0.47720364741641336,0.24873483522381104,13,0.21202852672796432,0.22104387409712525,0.0656962894431838,12,13.603861717177496,11.424177257152579,8.366349003772589,12,,,,0,0.16770534905103537,0.17078891396522522,0.023503213825999732,13,0.7617182683526708,0.7639527733181954,0.10634062227592456,13
ID,faulted_layers,Equal mixture,0.5006197831209969,0.5466592907905579,0.1369584219280777,17,0.8905409321081414,0.9261493656556844,0.2068985875164514,17,0.4134853613727233,0.4314666986465454,0.12390655492580255,17,0.3063387375204587,0.19786209009121652,0.3024110531976811,17,0.04761970775832889,0.03209252417929087,0.10771546971725234,17,0.11753440757935145,0.10261852181346637,0.035387601856423354,17,0.03829283006557945,0.04674447584338687,0.08199873043494568,17,0.46626060882118064,0.39570077663943676,0.2595298423777407,17,0.7445600181949875,0.7608206857785272,0.20724532076490362,17,,,,0,,,,0,,,,0,,,,0,11.357536764705882,11.359375,2.9824536047212455,17,0.34764909218339357,0.35511982440948486,0.042386757618780184,17,0.4211230149602664,0.34401719553126076,0.21064804191271075,17
ID,faulted_layers,Oracle conditional,0.5272905756445492,0.5312449932098389,0.11241385906648423,17,0.9401593941959804,0.9946168183559585,0.1501485451740423,17,0.4393589636858772,0.4401705265045166,0.11012952774472451,17,0.18972114089971837,0.1910854815490986,0.2832962145732262,17,0.04381240245803105,0.036889575653845784,0.10918984632084373,17,0.11855260697399587,0.10578476191150257,0.03130288075772236,17,0.03662446289136629,0.0326879579856117,0.09463293173640977,17,0.5858340003071905,0.5010464872493026,0.36018061060644385,17,0.6696334788152908,0.5971910112359551,0.1935237497508133,17,,,,0,,,,0,,,,0,,,,0,13.564950980392156,12.0234375,3.5822276067587353,17,0.4353872677859138,0.43861058354377747,0.07216092008131036,17,0.4160888034138622,0.42832126665873327,0.2735715133335487,17
ID,faulted_layers,SimPEG L2,0.6147321480162004,0.6133476495742798,0.15896231163726096,17,1.0892478513548856,1.0835045591303378,0.2204476760564197,17,0.5144364167662228,0.5314860939979553,0.12834270177314622,17,-0.07277525423482406,-0.004072213612014633,0.317506823415837,17,0.026446316160713957,0.024365685889993056,0.0994646065920686,17,0.11742563349043234,0.1026523908116681,0.033709645424520276,17,-0.004571238984013381,-0.02552185391794562,0.08229361422355631,17,0.22323155912110618,0.1554635259697518,0.18355036765896338,17,0.7271909963725068,0.64004914004914,0.2733226678289606,17,,,,0,,,,0,,,,0,,,,0,24.143535539215687,22.6796875,5.366594065485345,17,,,,0,,,,0
ID,faulted_layers,Unconditional,0.5239913489888696,0.5083383917808533,0.1861356350431865,17,0.926598197909847,0.9724414630551814,0.27804269813976246,17,0.43460823595523834,0.4443809390068054,0.1564004939344349,17,0.2816561542280735,0.24679567026938257,0.38018887473343166,17,0.026310118342507946,0.020132419078188413,0.10996850065233152,17,0.12209612947554904,0.10798475131784832,0.03387848657673842,17,0.05687557903322808,0.020929570778291752,0.08811040901846373,17,0.6247860273718019,0.5754304097097163,0.3263687288410564,17,0.7543890457183005,0.6435754189944134,0.23805391819426708,17,,,,0,,,,0,,,,0,,,,0,12.003063725490197,12.502604166666666,4.011940220115217,17,0.32669674561304207,0.33531782031059265,0.07254013214134059,17,0.3750308259279916,0.33026856649333575,0.23890203071130872,17
ID,horizontal_layers,Equal mixture,0.4873346247171101,0.5044920444488525,0.1331986162439019,19,0.8422048888045881,0.9212081449697341,0.2069350854941906,19,0.4057544681586717,0.43766531348228455,0.11937077235706361,19,0.3264438025016531,0.20606775743911737,0.3314030398395895,19,0.04493564366340043,0.03697415769127345,0.1210408155937272,19,0.11387898279791901,0.10370653241647827,0.03569489317732321,19,0.06693430220304604,0.06869150926872074,0.10699174107155075,19,0.5828930825830535,0.45827692572829953,0.4589912366180639,19,0.73234304804549,0.6607270135424091,0.2069965911646845,19,,,,0,,,,0,,,,0,,,,0,8.946271929824562,9.143229166666666,1.8938390576616926,19,0.28178173695739944,0.2920050323009491,0.09715311994393185,19,0.40730065983957636,0.37038964232656835,0.23550859928764215,19
ID,horizontal_layers,Oracle conditional,0.5104762362806421,0.5154920220375061,0.11839959288528441,19,0.8882874582147903,0.9317232994696268,0.2088283517907231,19,0.4252041554764697,0.43016692996025085,0.11213539340821667,19,0.19396189975692096,0.17371040162772633,0.4662698573138221,19,0.01980633514303153,-0.0038347626508154083,0.12240976406899379,19,0.11542437140949459,0.10386363117160173,0.035612650400006336,19,0.1503102698204339,0.1288578537808487,0.10103014876816283,19,0.6057374674220327,0.4544270205657019,0.45664033772776236,19,0.6628120265897313,0.5830324909747292,0.2750042293359934,19,,,,0,,,,0,,,,0,,,,0,9.279331140350877,8.6640625,2.6489078814766893,19,0.2995516226479882,0.28614699840545654,0.12434109677366617,19,0.47780687479154543,0.5766770546177481,0.27356892084994994,19
ID,horizontal_layers,SimPEG L2,0.6247346699237823,0.6156956553459167,0.16094400287867017,19,1.0667643515998324,1.0308754173740766,0.20076681774271957,19,0.5228692387279711,0.5197561979293823,0.11908032664648845,19,-0.10177894275814474,-0.0633123155357878,0.2699965971869068,19,0.03431715851702606,-0.014688732850060277,0.13136860900069675,19,0.11357906908837065,0.10445323878607943,0.035963159284963894,19,0.02972791184610076,0.055065545628785274,0.07797470057325857,19,0.24384919267184277,0.13708547074114072,0.226389799094652,19,0.7247708773843644,0.6714801444043321,0.2621457778784221,19,,,,0,,,,0,,,,0,,,,0,20.62143640350877,20.447916666666664,3.396849819211085,19,,,,0,,,,0
ID,horizontal_layers,Unconditional,0.5227498890537965,0.5336201190948486,0.17293895083742797,19,0.9008377981729242,0.969424864948202,0.27641528657611897,19,0.42925480557115453,0.4873421788215637,0.1546684932814161,19,0.16113429409012117,0.07483748855950116,0.45551811742460135,19,0.030424606120668135,0.027315325111964807,0.156408230071648,19,0.11902650798537107,0.10924333586445514,0.03692775814742214,19,0.09068541278129333,0.03551441983592896,0.14233153679491947,19,0.7334355040520308,0.6704485653792214,0.3962085751453413,19,0.6978848626673316,0.6607270135424091,0.24732272619562176,19,,,,0,,,,0,,,,0,,,,0,9.615816885964911,9.455729166666668,3.0047379578974556,19,0.2678761835161008,0.2494443953037262,0.10141382415698284,19,0.40767206009304846,0.4245375903185515,0.2042368526893005,19
ID,intrusions,Equal mixture,0.18047977356534256,0.1774941384792328,0.029565720414600996,19,0.8654599607293487,0.9021790083486325,0.10810493492335534,19,0.0905944526587662,0.0935131311416626,0.0222517289632541,19,0.45669969308923525,0.4310262871598602,0.20867399577455423,19,0.37401717226595926,0.3177797303135807,0.12028419711472882,19,0.05768896128830847,0.05893364183724478,0.00766666653900405,19,0.24077883713126447,0.2196789408316476,0.08847456647252805,19,0.7438781316767562,0.6239196992767578,0.2959794900055731,19,0.9753131421041709,1.0,0.05965019552295674,19,0.14719800734486677,0.0,0.24889253823306748,19,0.7514392240613496,1.0,0.3706909134058422,19,0.08141136015846367,0.051694836284827246,0.07107121524516422,9,36.08338683957866,18.581618192969515,31.99451791685432,9,,,,0,0.18485409060591146,0.16304601728916168,0.0639358585463167,19,0.6267555262838167,0.6911507018525551,0.1749792351014796,19
ID,intrusions,Oracle conditional,0.19152368526709707,0.19023796916007996,0.04136982854125579,19,0.9484234181032151,0.8689832360114914,0.30133870669141705,19,0.08580776519681278,0.08422201126813889,0.020027201932560905,19,0.494414695120354,0.4569621998073464,0.2584842556008871,19,0.5582568869836975,0.5927607543692219,0.09479878586529406,19,0.062015857361018764,0.06314938688698465,0.01125537278435233,19,0.2745223006250233,0.2919336254203425,0.12303749159097463,19,0.9686811931836146,0.8751600362721521,0.3840557702240971,19,0.9422017359502529,1.0,0.10211656697320287,19,0.24208285245167058,0.1583710407239819,0.2519119448233465,19,0.7484396678160826,0.7663551401869159,0.6204322257682742,19,0.10610892377143753,0.11823328546056776,0.05057571295473603,17,58.59128243823473,70.75608783272554,25.207951842779106,17,,,,0,0.09756006810225938,0.10364584624767303,0.029447349821887132,19,0.745770203696226,0.7908954410742114,0.18407655840284295,19
ID,intrusions,SimPEG L2,0.19988440212450528,0.2021278291940689,0.03955867543288257,19,0.9445945046240359,0.9456913958973489,0.032897684241746473,19,0.09693331957647675,0.0872722864151001,0.03796754682169664,19,0.31589257376395247,0.3112545664426722,0.0715821555720345,19,0.28283300501986974,0.24716172131739728,0.14204342807792325,19,0.05837328410785375,0.059021698447416546,0.008362353556625337,19,-0.033875882288020825,-0.11927183511790612,0.16584907448923675,19,0.1487083041529813,0.08906862954745678,0.14658373729695348,19,1.0,1.0,0.0,19,0.03393584972532341,0.0,0.14792293951586727,19,0.9581075851393188,1.0,0.18260480287859054,19,0.012886546416424659,0.012886546416424659,,1,3.7280397990559675,3.7280397990559675,,1,,,,0,,,,0,,,,0
ID,intrusions,Unconditional,0.17843485898093173,0.16569088399410248,0.03178809864446975,19,0.8677740364991064,0.8492493748165616,0.20817841613911164,19,0.08805867049254869,0.08464132249355316,0.020118540341119706,19,0.5543084434475881,0.6043533256284965,0.19931755695237618,19,0.4380885881690818,0.4372894850227532,0.085209359263138,19,0.05778662328798021,0.0593321538169948,0.009338963415859618,19,0.32046821063162956,0.3203924993838208,0.144092060611003,19,1.0579827537226165,1.0679292354873922,0.44292705869042437,19,0.984472218790048,1.0,0.03720082600368729,19,0.2919168554627309,0.3448275862068966,0.19548953017467588,19,0.8144604970997164,0.7655172413793103,0.6229547011239455,19,0.1007930660003542,0.09613633304723937,0.05299616268049255,18,45.98245064124253,54.87981408770757,31.040594308033075,18,,,,0,0.14943160744089828,0.12925894558429718,0.059351667244268304,19,0.7948588382023071,0.8113739301662406,0.11279654655886345,19
OOD,blobs,Equal mixture,0.18922899030148982,0.20130649954080582,0.049472031923099784,20,0.8143692004017467,0.8187328866225814,0.15203874567155273,20,0.1261712394654751,0.1318942755460739,0.04198984905317308,20,0.5445976408780469,0.5959960711977337,0.22379284135166208,20,0.26351457515992105,0.23993698494259802,0.15629221109435776,20,0.033078832567841845,0.032040950831598386,0.007290731821934563,20,0.3366008222777987,0.3517503884497304,0.16993259573098096,20,0.6311838139900895,0.597366944354232,0.2666914555125979,20,0.9081846814579049,0.9772877894191434,0.1391329006549263,20,0.19975898618264115,0.12166757757940122,0.2333584775124916,20,0.7010472374644943,0.7898099864082613,0.3108168424488149,20,0.13949579509767582,0.08188405683354345,0.14391506039992594,13,37.88756954745293,41.932021959693316,23.803305455176606,13,,,,0,0.220076210424304,0.1985054910182953,0.08560273399056052,20,0.4096052282647601,0.4268626605202846,0.19742488812266568,20
OOD,blobs,Oracle conditional,0.2073309298604727,0.2071792110800743,0.06128382944108973,20,0.907883307084318,0.8460504518496095,0.27499031589965783,20,0.13659090530127288,0.1369893103837967,0.05043729639558581,20,0.5434846630974536,0.6446695620131495,0.30020050781310076,20,0.3705816812378874,0.37048720555525305,0.17776258335589992,20,0.03418782650069703,0.03191925566602188,0.009580855262047515,20,0.4431261804555593,0.48913072851194567,0.23459986183880105,20,0.8513510754449779,0.820009397570373,0.31158251865357295,20,0.9228441655922817,0.9495416963222627,0.11319111467629092,20,0.30013520320051484,0.2726632100556763,0.19824861719877632,20,0.42929653715645255,0.29935172147610234,0.32976692677891933,20,0.15896763022509205,0.097705006504565,0.14840810262662468,19,46.13848419444048,48.026968541872826,27.071829020631192,19,,,,0,0.06483986852690578,0.060884566977620125,0.027850925733583002,20,0.49120696801382735,0.43099167621050805,0.22212988419244295,20
OOD,blobs,SimPEG L2,0.2224127933382988,0.2291247397661209,0.0629392504645202,20,0.9385144561214835,0.9283128007800925,0.1293781732399137,20,0.15452359281480313,0.15488463640213013,0.06295519902197179,20,0.40390991512492336,0.4021636029196536,0.17124450558385096,20,0.21581358472785678,0.1721225453012285,0.1473277955915913,20,0.031150138484040014,0.031310023056070065,0.006958467892828735,20,0.024477371871802097,0.043694579296417894,0.2957242205314319,20,0.2407267991679894,0.1886648913257825,0.20641180927071703,20,0.9124088279856288,1.0,0.15449143040551883,20,0.0807322399617736,0.0,0.1446852061828759,20,0.9813798047120527,1.0,0.3088484506032713,20,0.2350934766679503,0.1986841582352726,0.16266227803285815,7,50.912184081428,53.32062767964795,30.98114814412399,7,,,,0,,,,0,,,,0
OOD,blobs,Unconditional,0.21710994839668274,0.22072216123342514,0.06876008389124486,20,0.9414349905911342,0.8359879235996934,0.2559204146498914,20,0.1521447293460369,0.14707331359386444,0.06397957025908273,20,0.47506669409019275,0.5753680087329366,0.30666914430125813,20,0.2595938388128967,0.3080972189973967,0.1939551797009672,20,0.04010427859472964,0.04033041071309591,0.011765707581851267,20,0.3481165697910584,0.3866201814525989,0.18686241488629235,20,0.9446384687944764,0.8795459218150374,0.29605452077182187,20,0.9135440561156202,0.9617487251895853,0.11515778162974731,20,0.26575892999660894,0.230743429504154,0.17162520963249026,20,0.4283693265092343,0.41147635020514095,0.31898911214892506,20,0.12196572858248383,0.08998485318774582,0.10369661844970524,19,46.62254862978751,44.50396782765996,22.08198094675316,19,,,,0,0.23889342322945595,0.22277910262346268,0.09060607998664387,20,0.5604290795125175,0.5286141401349012,0.1571474652951301,20
OOD,dipping_layers,Equal mixture,0.543630737811327,0.5529426038265228,0.06773155243265591,16,0.956127003287375,0.9946642204276557,0.10271877838443377,16,0.45842052437365055,0.4684937000274658,0.06242462522148727,16,0.23117691491518372,0.1950006778285313,0.23944387969299397,16,0.05230300933748643,0.041486860665646746,0.0688094304212868,16,0.15474887337556648,0.14917917459694835,0.04118267829054238,16,0.099901368265558,0.07543034728761072,0.08386925423649517,16,0.39586543923185485,0.35170355001193276,0.15298554566702305,16,0.6196856379060675,0.5858945330687353,0.15184330223038642,16,,,,0,,,,0,,,,0,,,,0,9.66455078125,9.067708333333332,2.434099453608267,16,0.3464808501303196,0.32797400653362274,0.05754656825790947,16,0.3994599440576366,0.3872373228197331,0.16006826074165512,16
OOD,dipping_layers,Oracle conditional,0.5269031208008528,0.5181418061256409,0.07640027155340444,16,0.9238609127035053,0.9292660151348691,0.0952790143466593,16,0.4452786259353161,0.4362722784280777,0.07021303960936931,16,0.35378835485667914,0.3734329365109761,0.1866170164544529,16,0.0788411835448996,0.06763286497965096,0.08912940477564463,16,0.15249422587608477,0.14496024604283936,0.041011736086506004,16,0.11944043423131742,0.11411841900789164,0.12009702650983717,16,0.4257014519049381,0.3958539037505088,0.17582147466162362,16,0.6565917533065541,0.622169745283557,0.16747793886439716,16,,,,0,,,,0,,,,0,,,,0,9.183756510416666,9.01953125,2.4990842088477057,16,0.3670431561768055,0.3596934974193573,0.07545759258032848,16,0.29909291202805816,0.3609362081269548,0.2577880302048446,16
OOD,dipping_layers,SimPEG L2,0.6012248042970896,0.5924459099769592,0.09132386883941007,16,1.057928753774235,1.0302290004442871,0.14609637931327815,16,0.5021402984857559,0.4983411729335785,0.080079432855099,16,0.013177342409315954,0.04292154392027113,0.22234067597525947,16,0.04281642944737682,0.05823135896589038,0.10012014817621347,16,0.1553942582149087,0.1497735586775152,0.04281741431102206,16,0.04356891404329203,0.05036545953377271,0.07688485415498543,16,0.22809279276480776,0.20967407882292188,0.12225264420387838,16,0.6045614426145172,0.5318747760887392,0.19740441992525484,16,,,,0,,,,0,,,,0,,,,0,20.5380859375,20.708333333333336,4.9285199003741464,16,,,,0,,,,0
OOD,dipping_layers,Unconditional,0.5623621214181185,0.5887793898582458,0.10535883449809462,16,0.9906560617979207,1.0156121038629755,0.17841021300124563,16,0.46342430263757706,0.48464158177375793,0.09445593903180666,16,0.19077961936704085,0.14775201316515219,0.2881899514257565,16,0.06962039997364247,0.04178334311177123,0.11512970468897049,16,0.15771853249982018,0.1483730125774434,0.04297792727653512,16,0.12000141070795202,0.09817240585174629,0.11073274299786336,16,0.5001879709178001,0.43247488971775916,0.2013383647298313,16,0.5754685965009398,0.5569125750263058,0.16175563929230452,16,,,,0,,,,0,,,,0,,,,0,10.44970703125,9.708333333333332,3.203910912893585,16,0.3408524375408888,0.3425772935152054,0.07088960297749745,16,0.3545434378700615,0.3524296996591632,0.23548821782613946,16
OOD,dykes,Equal mixture,0.20694444179534913,0.21005848050117493,0.043286217898310955,10,0.9574212814429226,0.9647682587886938,0.123038321950595,10,0.11087668687105179,0.11214008927345276,0.02813637352318242,10,0.2234094260253368,0.17636256046390578,0.26254646041897134,10,0.2737514462249263,0.23380515658185635,0.08111683624626288,10,0.095821297963644,0.0966292180325615,0.016345195516910094,10,0.25340306716283656,0.2792282611206144,0.133944345429445,10,0.4474619075394125,0.40975634909044,0.16299371125156265,10,0.8728373792349837,0.8956932773109243,0.13484859154361037,10,0.10939814263455734,0.08535688005886681,0.10563365503943573,10,0.7200547272825496,0.763588442539916,0.22567028519113178,10,0.29568310058366154,0.284172282668624,0.057529159754670614,9,20.02201114054737,18.969655513829327,17.55437597631315,9,,,,0,0.21629413366317748,0.22706659138202667,0.0710364903643896,10,0.5870180608274971,0.6566256449959538,0.15298735841503805,10
OOD,dykes,Oracle conditional,0.1967687077820301,0.19202616065740585,0.05347812819385105,10,0.9043935447068338,0.9064363337888162,0.15795121754968164,10,0.10249252989888191,0.09851053357124329,0.03818282349403718,10,0.36194379108825725,0.3256746864042887,0.25078280960758376,10,0.41794191555590743,0.4566712616421428,0.0974779740130004,10,0.0940009808793671,0.09073424658468729,0.015939978218714027,10,0.36866085398025084,0.38599180221896695,0.1773498282729643,10,0.5355763534164109,0.5730398919423497,0.15393603840713033,10,0.9979452054794521,1.0,0.006497830808565139,10,0.20629816420806585,0.15195278111244498,0.19856312060502312,10,0.48092776749304517,0.43623181441391656,0.33059321162826005,10,0.21739271738709928,0.23023883893380237,0.10908485623487985,9,14.534227143621251,9.365174107627073,12.574539980473649,9,,,,0,0.11404133886098862,0.10796618461608887,0.026469542084942694,10,0.8377389074631854,0.8357491121492421,0.06729252501258848,10
OOD,dykes,SimPEG L2,0.20117524415254592,0.21187066286802292,0.0415126315341641,10,0.9217471430666688,0.9395685363330927,0.05853302416446208,10,0.11961902491748333,0.12238561362028122,0.035472907354606405,10,0.2823131659145103,0.2758267159626417,0.1558524302038043,10,0.20254728772855785,0.18427603589306873,0.09646092187899777,10,0.09662388321311312,0.09530411308269215,0.016912609812752784,10,0.1496245487397386,0.2217637110291246,0.1469354300659444,10,0.21894917769391747,0.22537493390329447,0.13636228747912757,10,1.0,1.0,0.0,10,0.09410023473814745,0.07370489102606914,0.09173672615259774,10,0.8262150889724152,0.826662133097166,0.15861498355976772,10,0.32668888017524694,0.318642915837852,0.060003181258738846,7,19.574030760473388,21.977920459985,11.5873665762463,7,,,,0,,,,0,,,,0
OOD,dykes,Unconditional,0.21607861071825027,0.203322634100914,0.05185745707646393,10,1.016955914884901,0.9653481875882202,0.2553750883539187,10,0.11713048368692398,0.1092158779501915,0.038684695949446984,10,0.2526850116888582,0.23939242820857037,0.29195897454507835,10,0.3579843494399661,0.39673306457358826,0.1108857966492814,10,0.09653204187809813,0.09561530327099793,0.01809860006143868,10,0.31684975381251795,0.2982152273901983,0.1396485241478056,10,0.5075810529785828,0.5091229732720111,0.14406579727999716,10,0.9150602920417257,0.9737645662494605,0.1092134825536682,10,0.1517107595891572,0.12931050915953413,0.13862103358402064,10,0.46548048765654276,0.3931803730394235,0.41835087085332273,10,0.18499919603613096,0.21663040699773778,0.08376503619030878,10,20.587695570550288,20.18682561614009,17.61931412271124,10,,,,0,0.15800618305802344,0.16227589547634125,0.03459262843505704,10,0.7883335214841651,0.8120801974804635,0.12770517507435658,10
OOD,faulted_layers,Equal mixture,0.5458237890686307,0.5378254055976868,0.14467576610800667,14,0.9401561205761259,0.9860643970526686,0.13513976863133764,14,0.4574675921882902,0.4205149859189987,0.1264641302462696,14,0.21533153449383688,0.16283650116356196,0.24644130959256777,14,0.009008376715561744,-0.00024676845761854426,0.09191657649669976,14,0.13720777343260396,0.14275549898767415,0.03790479065764088,14,0.06707226439239729,0.07982132862814313,0.09136709623134939,14,0.3474020887679327,0.2572298403069928,0.1928693624300772,14,0.6632738125158947,0.5996561381423378,0.21949630956194538,14,,,,0,,,,0,,,,0,,,,0,10.910342261904761,10.326822916666668,3.0655126459533033,14,0.32469291772161213,0.3220922648906708,0.07052492752118518,14,0.3704908679491588,0.38756500719743286,0.18846343188156695,14
OOD,faulted_layers,Oracle conditional,0.5504111668893269,0.5197913646697998,0.12571316769508697,14,0.9571634116166757,0.9804574766764205,0.12780615354851688,14,0.46162245316164835,0.434048056602478,0.11368316261118684,14,0.21380731555966662,0.21692433544235107,0.2640914189841545,14,0.028088631761871357,0.03117310393940824,0.07055534306272386,14,0.1391208598750135,0.14416423584213134,0.03571261292162021,14,0.046195053872401685,0.029785608527825837,0.10327176508234029,14,0.4811517075999682,0.3587598826795938,0.3173834782406169,14,0.6269666611343109,0.6059255055225758,0.2084215627352789,14,,,,0,,,,0,,,,0,,,,0,11.057477678571429,10.5234375,3.4267322162455667,14,0.42669958834137234,0.41348960995674133,0.11097179695848787,14,0.2748635628194772,0.19162585008670047,0.2649649795604534,14
OOD,faulted_layers,SimPEG L2,0.6077038411583219,0.6025597155094147,0.19024860051631023,14,1.0373710181995823,1.0334495278878142,0.17157716793075078,14,0.5192165843078068,0.5034117996692657,0.1568893599363629,14,0.014074198466360316,-0.0020513060844931123,0.12382194924723924,14,0.0063147444738992226,-0.009402982769347524,0.09910208819944998,14,0.13741246381613917,0.14271171265907018,0.03734834055196336,14,0.004593852603232376,-0.007909196954479074,0.06866063263911629,14,0.19620964296575874,0.14962840778536618,0.16597547262040765,14,0.668444914872819,0.5719427934202141,0.24212181156055682,14,,,,0,,,,0,,,,0,,,,0,20.778273809523807,20.6171875,5.2893553639477595,14,,,,0,,,,0
OOD,faulted_layers,Unconditional,0.5704274624586105,0.5273836553096771,0.1904747776763765,14,0.9768123630897717,1.0248735252643577,0.21482070104188297,14,0.47478469780513216,0.4103469103574753,0.17032706914993428,14,0.13416034424952994,-0.008983321168525918,0.33929751849762707,14,0.010819236524027914,-0.021135460496801727,0.11011030277453596,14,0.1420323211061428,0.14446058904071757,0.03835538556124294,14,0.03351981545099842,0.04404980527160867,0.07893872720881562,14,0.46721166033209643,0.37942537946497545,0.2601185910813683,14,0.6221424240210007,0.51218700169018,0.23837993550751335,14,,,,0,,,,0,,,,0,,,,0,11.160342261904761,10.3828125,3.1278005136836526,14,0.32982339177812847,0.3399388939142227,0.08464316014807284,14,0.297084088233902,0.276553524822462,0.2845980324640206,14
OOD,horizontal_layers,Equal mixture,0.4972303223609924,0.4897926151752472,0.09308682988475453,25,0.8893555297577014,0.9162174646349964,0.12871745521259675,25,0.4182708740234375,0.42982107400894165,0.07747661530557229,25,0.1762296298326415,0.1358313551705909,0.34536214166477747,25,0.014879329983184374,0.013744817446524242,0.08982833997309796,25,0.12252500425387725,0.12885967010877775,0.03870238568283626,25,0.04754541881622835,0.02928853261892851,0.08100284095350707,25,0.44946988238672836,0.2882260145710642,0.3324083046717486,25,0.8021436935540079,0.8880597014925373,0.21157102891253995,25,,,,0,,,,0,,,,0,,,,0,10.230520833333333,10.354166666666666,2.838394742470504,25,0.2794144082069397,0.3059154748916626,0.066175994604181,25,0.3217370507017941,0.31617423139759415,0.24129849775739304,25
OOD,horizontal_layers,Oracle conditional,0.5175541126728058,0.5242671370506287,0.08940875480785693,25,0.9283354963258307,0.964959533789484,0.13545164161886572,25,0.4284428155422211,0.43629252910614014,0.07305970492424066,25,0.051304936037240095,0.09102407570415336,0.39158716048649433,25,0.0013167224045348939,4.9727819871929475e-05,0.09207203179609541,25,0.12366260848251642,0.12977570075474978,0.038215059194777745,25,0.06800595618674493,0.03450965864530665,0.12055000513714469,25,0.5416448604673366,0.4169337011884588,0.4081998278963605,25,0.6801983556028226,0.6392303580972741,0.2030735828313393,25,,,,0,,,,0,,,,0,,,,0,11.3303125,11.700520833333334,2.6877124507233723,25,0.32924465894699095,0.3154821991920471,0.13455044551502376,25,0.22112586966571735,0.32467087823530844,0.3633970362920541,25
OOD,horizontal_layers,SimPEG L2,0.5644795858860016,0.5285752415657043,0.1742755931659488,25,0.9962834659114621,0.9413593112817202,0.22078073360940254,25,0.4787524139881134,0.43558064103126526,0.12927190344310974,25,-0.004952442982276123,0.03151168227329619,0.30705783253226754,25,0.028361996191976394,0.008151860690402475,0.1185314682841285,25,0.1220733121008087,0.12465407195021018,0.04032753697139143,25,0.007351549400841655,0.010218900828898507,0.06192476496970838,25,0.17831135846734228,0.0997385280747594,0.16879455666282236,25,0.8270717821586631,0.9994734070563455,0.22156905051271997,25,,,,0,,,,0,,,,0,,,,0,22.839791666666667,23.166666666666668,4.692105973949808,25,,,,0,,,,0
OOD,horizontal_layers,Unconditional,0.47870916962623594,0.5032778978347778,0.10107431113647188,25,0.8559696146385957,0.8773048306481217,0.15660306685041664,25,0.39803471088409426,0.4149806797504425,0.08901494105864848,25,0.31041774641290615,0.25896606558406776,0.31665154330155854,25,0.05426444472335074,0.018635326369319926,0.09975318888449672,25,0.12499607273109235,0.1226157044058385,0.038707334038846734,25,0.04207919938218957,0.04819373453905,0.07886173294602716,25,0.6526877190421351,0.4524695481386478,0.3613752302878774,25,0.7983366217352718,0.9431578947368421,0.21978671748380949,25,,,,0,,,,0,,,,0,,,,0,10.559166666666668,10.057291666666668,3.4421646492712137,25,0.32290793895721437,0.34624502062797546,0.1049947636121717,25,0.3656485423251313,0.4354016159108872,0.25336741869705526,25
OOD,intrusions,Equal mixture,0.19074015617370604,0.18085815012454987,0.040814519120590344,15,0.765409574948292,0.7476172422220466,0.16021899339921516,15,0.10331026464700699,0.10289595276117325,0.03269759466372919,15,0.6081301824080697,0.7237165374603597,0.2602757647559732,15,0.3609596330758258,0.335039464739676,0.12234877149134296,15,0.05823974625060171,0.05497946647453712,0.010078877571565604,15,0.3762030703697317,0.38089402051514987,0.19694424556699822,15,0.7649587269029738,0.6978759406388185,0.34260317786807715,15,0.9835686812447887,1.0,0.06325972932695066,15,0.3171843824611335,0.2732824427480916,0.30087952036744703,15,0.6285653465393091,0.5701943844492441,0.34967919570181355,15,0.05398549166545882,0.050730757589058345,0.03720734995275223,10,44.33688358088559,47.52670967583854,27.461263589603387,10,,,,0,0.2020778069893519,0.1871107667684555,0.07612355415003719,15,0.6260473506701022,0.6761574960188752,0.1628447552196697,15
OOD,intrusions,Oracle conditional,0.15531672090291976,0.16095632314682007,0.0425229119167212,15,0.6710546479344642,0.680895611280452,0.3296018049303359,15,0.06825134952863057,0.06925120204687119,0.027170483301733314,15,0.6741293499462326,0.8222797137897596,0.297481833159055,15,0.6545957842661387,0.6261338990814854,0.1521331206083315,15,0.05804039728065471,0.05695518809070564,0.011930446750478555,15,0.4240905220207612,0.41400894460799076,0.23219287690384977,15,0.9616085399259089,0.9432538644123214,0.3304684849524099,15,0.9697511807838025,1.0,0.10440707509082066,15,0.4840728692053962,0.6682389937106918,0.3485488494637716,15,0.47540256341238674,0.20734341252699784,0.5773901316604588,15,0.05507941776214588,0.039881329394740275,0.04606712065958463,13,41.03690320164632,30.43215150224,30.037684811160503,13,,,,0,0.08933442508180936,0.10316133499145508,0.042501376933321,15,0.6813225035283302,0.806516271251758,0.3152069104820175,15
OOD,intrusions,SimPEG L2,0.24990967959165572,0.23999056220054626,0.07551179320974373,15,0.9613384170530793,0.9485255705427287,0.1078053779909499,15,0.14414455505708854,0.14611852169036865,0.08174770181952583,15,0.3488718538612871,0.3503379617553062,0.11103154471684197,15,0.23624043758404747,0.15316584642381667,0.18341263867619384,15,0.06155157875432972,0.05991262043121287,0.011445031463800567,15,-0.020743223913436543,-0.1057620562811945,0.20347340881357992,15,0.27439121137241945,0.09827886363373407,0.43746236156128504,15,1.0,1.0,0.0,15,0.040306497667000125,0.0,0.08556329314021188,15,1.2495448725614493,1.0,0.6940478424415406,15,0.21039067418551105,0.27197948647808323,0.11082373152486047,3,76.0928585345982,84.64829001833522,17.67829014458934,3,,,,0,,,,0,,,,0
OOD,intrusions,Unconditional,0.1704690267642339,0.18330901861190796,0.032780018768199276,15,0.7004387927162424,0.6734551801705712,0.21684143794910182,15,0.09314046154419581,0.099483422935009,0.03184883330419064,15,0.6809313035235708,0.7403564670957704,0.2051446478745526,15,0.46490011797441017,0.45290484629485805,0.15409797187121652,15,0.05750083068676891,0.05518044077949439,0.009246867785960695,15,0.39770073202730205,0.38179513559907396,0.10600951704838846,15,1.0069969565523407,0.9842888268741288,0.356456634579094,15,0.9988009592326139,1.0,0.004643864923510106,15,0.45803345542494306,0.5072639225181598,0.3113575905753392,15,0.5162996213836479,0.2672897196261682,0.5346864255668959,15,0.05428793337862589,0.04054651669241993,0.05346611167123443,12,30.601939391869916,9.062169827025649,32.98880363276451,12,,,,0,0.16834313025077183,0.1599317193031311,0.08445354962987742,15,0.8249827187384555,0.8349842346520079,0.07335860979913283,15
